[
  {
    "id": "b901fb2f-1b5e-4d7c-862d-27573be9185d",
    "data": [
      {
        "text": "My name is ",
        "userDefined": false
      },
      {
        "text": "Teo",
        "alias": "name",
        "meta": "@sys.given-name",
        "userDefined": false
      }
    ],
    "isTemplate": false,
    "count": 0
  },
  {
    "id": "8b510a79-1f7b-43b4-8541-fc860f965fbc",
    "data": [
      {
        "text": "Panagiotis",
        "alias": "name",
        "meta": "@sys.given-name",
        "userDefined": true
      }
    ],
    "isTemplate": false,
    "count": 0
  },
  {
    "id": "7dc2b4cc-ca44-421b-aa8b-975c4808ac7a",
    "data": [
      {
        "text": "I am ",
        "userDefined": false
      },
      {
        "text": "Mark",
        "alias": "name",
        "meta": "@sys.given-name",
        "userDefined": true
      }
    ],
    "isTemplate": false,
    "count": 0
  },
  {
    "id": "4251a869-3922-4bbb-9d2c-793ce738d402",
    "data": [
      {
        "text": "I\u0027m ",
        "userDefined": false
      },
      {
        "text": "Mary",
        "alias": "name",
        "meta": "@sys.given-name",
        "userDefined": false
      }
    ],
    "isTemplate": false,
    "count": 0
  }
]