[
  {
    "id": "2bfd4dc7-c2c8-4c48-ab2d-233827d3eb5c",
    "data": [
      {
        "text": "I am ",
        "userDefined": false
      },
      {
        "text": "Katerina",
        "alias": "name",
        "meta": "@sys.any",
        "userDefined": false
      }
    ],
    "isTemplate": false,
    "count": 0
  },
  {
    "id": "03eb943c-48f8-4b30-bad9-fb8a498bb0b9",
    "data": [
      {
        "text": "Spyros",
        "alias": "name",
        "meta": "@sys.any",
        "userDefined": true
      }
    ],
    "isTemplate": false,
    "count": 0
  },
  {
    "id": "0c109c8a-8b4c-44e5-bb7d-73417230826c",
    "data": [
      {
        "text": "Giannis",
        "alias": "name",
        "meta": "@sys.any",
        "userDefined": true
      }
    ],
    "isTemplate": false,
    "count": 0
  },
  {
    "id": "e4cd5833-c677-47fd-9d0e-e088761a602a",
    "data": [
      {
        "text": "My name is ",
        "userDefined": false
      },
      {
        "text": "Panagiotis",
        "alias": "name",
        "meta": "@sys.any",
        "userDefined": false
      }
    ],
    "isTemplate": false,
    "count": 0
  },
  {
    "id": "7f8f33d6-8648-47f4-ac5d-be22e055c036",
    "data": [
      {
        "text": "I\u0027m ",
        "userDefined": false
      },
      {
        "text": "Elena",
        "alias": "name",
        "meta": "@sys.any",
        "userDefined": false
      }
    ],
    "isTemplate": false,
    "count": 0
  }
]