[
  {
    "id": "4a6fd654-9d9d-4766-aad0-bdf0dcd2ee5c",
    "data": [
      {
        "text": "y",
        "userDefined": false
      }
    ],
    "isTemplate": false,
    "count": 0
  },
  {
    "id": "46a16b4c-bf18-4c17-ae73-92019893ba4f",
    "data": [
      {
        "text": "Of course",
        "userDefined": false
      }
    ],
    "isTemplate": false,
    "count": 0
  },
  {
    "id": "4423d861-368a-4e7b-8111-af3c1efa57c2",
    "data": [
      {
        "text": "Sure",
        "userDefined": false
      }
    ],
    "isTemplate": false,
    "count": 0
  },
  {
    "id": "ff0c9147-09b0-40a0-8166-cbff5b691012",
    "data": [
      {
        "text": "Yeap",
        "userDefined": false
      }
    ],
    "isTemplate": false,
    "count": 0
  },
  {
    "id": "60439574-5d22-4636-967d-8d452252f0ff",
    "data": [
      {
        "text": "Yeah",
        "userDefined": false
      }
    ],
    "isTemplate": false,
    "count": 0
  },
  {
    "id": "f68ba852-85d9-4ec9-87a3-8990ff669f0c",
    "data": [
      {
        "text": "Yes",
        "userDefined": false
      }
    ],
    "isTemplate": false,
    "count": 0
  },
  {
    "id": "c7e326a0-9e26-4a51-ae2c-b31978ce18d6",
    "data": [
      {
        "text": "yy",
        "userDefined": false
      }
    ],
    "isTemplate": false,
    "count": 0
  }
]