[
  {
    "id": "e2c0629c-d89f-4885-813f-8236b2efc2a9",
    "data": [
      {
        "text": "No",
        "userDefined": false
      }
    ],
    "isTemplate": false,
    "count": 0
  },
  {
    "id": "81258fc4-c88c-4a1b-b076-228c27fe226c",
    "data": [
      {
        "text": "nah",
        "userDefined": false
      }
    ],
    "isTemplate": false,
    "count": 0
  },
  {
    "id": "d412bf24-7466-429e-81a4-4ad3ab118bf0",
    "data": [
      {
        "text": "nope",
        "userDefined": false
      }
    ],
    "isTemplate": false,
    "count": 0
  }
]