[
  {
    "id": "cd091264-6499-4855-a0b3-8dfb896eb584",
    "data": [
      {
        "text": "cybersecurity",
        "alias": "MSc_in_cybersecurity",
        "meta": "@MSc_in_cybersecurity",
        "userDefined": false
      }
    ],
    "isTemplate": false,
    "count": 1
  },
  {
    "id": "57acce81-653e-4388-a09e-761155e4be3f",
    "data": [
      {
        "text": "Science",
        "userDefined": false
      }
    ],
    "isTemplate": false,
    "count": 1
  },
  {
    "id": "531dd77e-0d1b-44cf-a596-d33b2bd3f54e",
    "data": [
      {
        "text": "Mathematics",
        "userDefined": false
      }
    ],
    "isTemplate": false,
    "count": 1
  },
  {
    "id": "02f7664d-36ae-4eac-aa21-4ea766214bdc",
    "data": [
      {
        "text": "maths",
        "userDefined": false
      }
    ],
    "isTemplate": false,
    "count": 1,
    "updated": 0
  },
  {
    "id": "313225a6-439c-4533-ab0f-a9358acddf45",
    "data": [
      {
        "text": "programming",
        "meta": "@sys.ignore",
        "userDefined": false
      },
      {
        "text": " languages",
        "userDefined": false
      }
    ],
    "isTemplate": false,
    "count": 0
  },
  {
    "id": "9ee0188d-e5ea-48c7-94b6-3bb809f06884",
    "data": [
      {
        "text": "technology",
        "userDefined": false
      }
    ],
    "isTemplate": false,
    "count": 0
  },
  {
    "id": "28489cce-dbb3-4f5f-a157-eb1dcb79c7bf",
    "data": [
      {
        "text": "computers",
        "userDefined": false
      }
    ],
    "isTemplate": false,
    "count": 0
  },
  {
    "id": "934b0af8-1c9a-4ff9-b10b-c1f322be6cfe",
    "data": [
      {
        "text": "Data Science",
        "userDefined": false
      }
    ],
    "isTemplate": false,
    "count": 0
  },
  {
    "id": "4d5d2966-9094-43f0-ab9d-e97c6eb33926",
    "data": [
      {
        "text": "programming",
        "userDefined": false
      }
    ],
    "isTemplate": false,
    "count": 0
  }
]