[
  {
    "id": "2172362c-d983-43b8-ba72-4abb20aa833d",
    "data": [
      {
        "text": "egineering",
        "userDefined": false
      }
    ],
    "isTemplate": false,
    "count": 0
  },
  {
    "id": "6d69c789-6c88-48ef-872d-e77fdc58a8ac",
    "data": [
      {
        "text": "building design",
        "userDefined": false
      }
    ],
    "isTemplate": false,
    "count": 0
  },
  {
    "id": "ad903174-f844-4b07-a0eb-20ba4cb994fb",
    "data": [
      {
        "text": "design",
        "userDefined": false
      }
    ],
    "isTemplate": false,
    "count": 0
  },
  {
    "id": "a1e9e957-f79d-4e1a-8cae-25910da36fec",
    "data": [
      {
        "text": "enviroment",
        "userDefined": false
      }
    ],
    "isTemplate": false,
    "count": 0
  },
  {
    "id": "7c6777f1-8df9-4c29-8a50-d5a253ef97c0",
    "data": [
      {
        "text": "energy",
        "userDefined": false
      }
    ],
    "isTemplate": false,
    "count": 0
  }
]