[
  {
    "id": "f6da3094-5745-48fb-a8c7-4ebd79f478a2",
    "data": [
      {
        "text": "economics",
        "userDefined": false
      }
    ],
    "isTemplate": false,
    "count": 0
  },
  {
    "id": "52962c18-91a5-4229-b5d2-a24e5201fb68",
    "data": [
      {
        "text": "finance",
        "userDefined": false
      }
    ],
    "isTemplate": false,
    "count": 0
  },
  {
    "id": "c299ebae-4a4a-453a-bb7c-4b10c492290f",
    "data": [
      {
        "text": "marketing",
        "userDefined": false
      }
    ],
    "isTemplate": false,
    "count": 0
  },
  {
    "id": "8cb06fb4-b2cd-4cf0-8139-45cc80567381",
    "data": [
      {
        "text": "digital marketing",
        "alias": "Digital_Marketing",
        "meta": "@Digital_Marketing",
        "userDefined": false
      }
    ],
    "isTemplate": false,
    "count": 0
  },
  {
    "id": "c577a56e-658e-46e8-ad61-b70e9455530b",
    "data": [
      {
        "text": "e-business",
        "alias": "MSc_in_ebusiness_and_marketing",
        "meta": "@MSc_in_ebusiness_and_marketing",
        "userDefined": false
      }
    ],
    "isTemplate": false,
    "count": 0
  }
]