[
  {
    "id": "63235cec-22fc-47fa-aafa-e15bd8f759a7",
    "data": [
      {
        "text": "ICT",
        "alias": "Master_ICT",
        "meta": "@Master_ICT",
        "userDefined": true
      }
    ],
    "isTemplate": false,
    "count": 0,
    "updated": 0
  },
  {
    "id": "c32ec98d-7122-4e37-a051-5e5a35207ac1",
    "data": [
      {
        "text": "i would like information about the ",
        "userDefined": false
      },
      {
        "text": "master in cybersecurity",
        "alias": "MSc_in_cybersecurity",
        "meta": "@MSc_in_cybersecurity",
        "userDefined": false
      }
    ],
    "isTemplate": false,
    "count": 0,
    "updated": 0
  },
  {
    "id": "ab3cf50d-f8ab-494f-ad7c-b52c1124b9df",
    "data": [
      {
        "text": "i would like to know about the maste in ",
        "userDefined": false
      },
      {
        "text": "cybersecurity",
        "alias": "MSc_in_cybersecurity",
        "meta": "@MSc_in_cybersecurity",
        "userDefined": false
      }
    ],
    "isTemplate": false,
    "count": 1,
    "updated": 0
  },
  {
    "id": "e7f55854-5550-43be-9e01-36820b1d67e7",
    "data": [
      {
        "text": "master in cybersecurity",
        "alias": "MSc_in_cybersecurity",
        "meta": "@MSc_in_cybersecurity",
        "userDefined": false
      }
    ],
    "isTemplate": false,
    "count": 1
  },
  {
    "id": "3fc8ef99-b81f-4fe1-9c75-4d1b09431952",
    "data": [
      {
        "text": "master in data science",
        "alias": "Data_Science",
        "meta": "@Data_Science",
        "userDefined": false
      }
    ],
    "isTemplate": false,
    "count": 2
  },
  {
    "id": "a192bff3-276f-4d60-bb91-e755e0ace5d6",
    "data": [
      {
        "text": "I am interested in the ",
        "userDefined": false
      },
      {
        "text": "master in ict",
        "alias": "Master_ICT",
        "meta": "@Master_ICT",
        "userDefined": false
      }
    ],
    "isTemplate": false,
    "count": 0,
    "updated": 0
  },
  {
    "id": "94e7f9a2-2dc3-4688-a101-1dc5ce5fbf93",
    "data": [
      {
        "text": "I want to know everything about the ",
        "userDefined": false
      },
      {
        "text": "master in e-business",
        "alias": "MSc_in_ebusiness_and_marketing",
        "meta": "@MSc_in_ebusiness_and_marketing",
        "userDefined": false
      }
    ],
    "isTemplate": false,
    "count": 0,
    "updated": 0
  },
  {
    "id": "5c98a6ba-36a2-49d2-9afb-a7e6204d36c6",
    "data": [
      {
        "text": "Can i have some info about the ",
        "userDefined": false
      },
      {
        "text": "master in smart cities",
        "alias": "MSc_in_smart_cities",
        "meta": "@MSc_in_smart_cities",
        "userDefined": false
      }
    ],
    "isTemplate": false,
    "count": 0,
    "updated": 0
  },
  {
    "id": "4b31e529-5b4e-456d-816d-7888c3d246dc",
    "data": [
      {
        "text": "could i have some information about the ",
        "userDefined": false
      },
      {
        "text": "master in enviromental management",
        "alias": "MSc_in_enviromental_sustain",
        "meta": "@MSc_in_enviromental_sustain",
        "userDefined": true
      },
      {
        "text": "?",
        "userDefined": false
      }
    ],
    "isTemplate": false,
    "count": 0,
    "updated": 0
  },
  {
    "id": "242cc67c-b551-429c-9575-674bbb61481f",
    "data": [
      {
        "text": "master in mobile and web computing",
        "alias": "MSc_in_mobile_and_webcomputing",
        "meta": "@MSc_in_mobile_and_webcomputing",
        "userDefined": false
      }
    ],
    "isTemplate": false,
    "count": 0
  },
  {
    "id": "fa8839a6-be30-4a81-ac41-2b3eddfb8274",
    "data": [
      {
        "text": "master in web computing",
        "alias": "MSc_in_mobile_and_webcomputing",
        "meta": "@MSc_in_mobile_and_webcomputing",
        "userDefined": false
      }
    ],
    "isTemplate": false,
    "count": 0
  },
  {
    "id": "9b1c0b02-4ce5-46df-8efc-fbae5542066e",
    "data": [
      {
        "text": "master in smart cities",
        "alias": "MSc_in_smart_cities",
        "meta": "@MSc_in_smart_cities",
        "userDefined": false
      }
    ],
    "isTemplate": false,
    "count": 0
  },
  {
    "id": "6ffbfe22-b021-4e30-9554-89097b71d97f",
    "data": [
      {
        "text": "master in ICT",
        "alias": "Master_ICT",
        "meta": "@Master_ICT",
        "userDefined": false
      }
    ],
    "isTemplate": false,
    "count": 0
  },
  {
    "id": "5989fe8c-734f-4bfe-887f-4860a26c7151",
    "data": [
      {
        "text": "master in e-business",
        "alias": "MSc_in_ebusiness_and_marketing",
        "meta": "@MSc_in_ebusiness_and_marketing",
        "userDefined": false
      }
    ],
    "isTemplate": false,
    "count": 0
  },
  {
    "id": "ef5205be-dadd-4c9c-98a6-1f92a96fe088",
    "data": [
      {
        "text": "master in enviromental management",
        "alias": "MSc_in_enviromental_sustain",
        "meta": "@MSc_in_enviromental_sustain",
        "userDefined": true
      }
    ],
    "isTemplate": false,
    "count": 0
  },
  {
    "id": "f7bc9a80-5c56-4745-9bd6-faa0c47309d6",
    "data": [
      {
        "text": "master in strategic product design",
        "alias": "MSc_in_strategic_product",
        "meta": "@MSc_in_strategic_product",
        "userDefined": true
      }
    ],
    "isTemplate": false,
    "count": 0
  },
  {
    "id": "c8482dfa-3d29-44c7-a258-f7dea21a9e3b",
    "data": [
      {
        "text": "master in energy and finance",
        "alias": "master_in_energy_and_finance",
        "meta": "@master_in_energy_and_finance",
        "userDefined": false
      }
    ],
    "isTemplate": false,
    "count": 0
  },
  {
    "id": "999d24ae-643d-4673-aaee-d65331a54ce3",
    "data": [
      {
        "text": "master in energy systems",
        "alias": "MSc_in_energy_systems",
        "meta": "@MSc_in_energy_systems",
        "userDefined": false
      }
    ],
    "isTemplate": false,
    "count": 0
  }
]