[
  {
    "id": "056a608a-f06d-4348-9508-722783fa4c7a",
    "data": [
      {
        "text": "what about the duration of the MSc in ebusiness and marketing?",
        "userDefined": false
      }
    ],
    "isTemplate": false,
    "count": 0,
    "updated": 0
  },
  {
    "id": "e7bab3b1-4e83-4161-a243-c9cb51323161",
    "data": [
      {
        "text": "what is the duration of the ",
        "userDefined": false
      },
      {
        "text": "master in cybersecurity",
        "alias": "MSc_in_cybersecurity",
        "meta": "@MSc_in_cybersecurity",
        "userDefined": false
      },
      {
        "text": "?",
        "userDefined": false
      }
    ],
    "isTemplate": false,
    "count": 0,
    "updated": 0
  },
  {
    "id": "3dc5e718-c9c4-4b5d-89cd-d73e73affacd",
    "data": [
      {
        "text": "how long does it take to finish the msc in cybersecurity?",
        "userDefined": false
      }
    ],
    "isTemplate": false,
    "count": 0,
    "updated": 0
  },
  {
    "id": "a4c848a7-9571-43c5-8364-18bbb63954be",
    "data": [
      {
        "text": "how long does it take to finish the ",
        "userDefined": false
      },
      {
        "text": "MSc in e-Business and Digital Marketing",
        "alias": "MSc_in_ebusiness_and_marketing",
        "meta": "@MSc_in_ebusiness_and_marketing",
        "userDefined": true
      },
      {
        "text": "?",
        "userDefined": false
      }
    ],
    "isTemplate": false,
    "count": 1
  },
  {
    "id": "690903f7-bbf7-4a73-989d-521554584798",
    "data": [
      {
        "text": "when i will ",
        "userDefined": false
      },
      {
        "text": "fullfil",
        "alias": "duration",
        "meta": "@sys.duration",
        "userDefined": true
      },
      {
        "text": " my studies at ",
        "userDefined": false
      },
      {
        "text": "MSc in Strategic Product Design",
        "alias": "MSc_in_strategic_product",
        "meta": "@MSc_in_strategic_product",
        "userDefined": true
      },
      {
        "text": " ?",
        "userDefined": false
      }
    ],
    "isTemplate": false,
    "count": 0
  },
  {
    "id": "36a283c7-8745-488c-af6e-d4edd43d8662",
    "data": [
      {
        "text": "when i will ",
        "userDefined": false
      },
      {
        "text": "finish",
        "alias": "duration",
        "meta": "@sys.duration",
        "userDefined": true
      },
      {
        "text": " the ",
        "userDefined": false
      },
      {
        "text": "MSc in Energy Building Design",
        "alias": "master_in_energy_building",
        "meta": "@master_in_energy_building",
        "userDefined": true
      },
      {
        "text": "?",
        "userDefined": false
      }
    ],
    "isTemplate": false,
    "count": 0
  },
  {
    "id": "43e163d0-941b-40b8-8e4b-be148242cf27",
    "data": [
      {
        "text": "how many ",
        "userDefined": false
      },
      {
        "text": "time",
        "alias": "duration",
        "meta": "@sys.duration",
        "userDefined": true
      },
      {
        "text": " it takes for ",
        "userDefined": false
      },
      {
        "text": "MSc in Energy and Finance",
        "alias": "master_in_energy_and_finance",
        "meta": "@master_in_energy_and_finance",
        "userDefined": true
      },
      {
        "text": " to finish?",
        "userDefined": false
      }
    ],
    "isTemplate": false,
    "count": 0
  },
  {
    "id": "5dacd127-fc0c-4342-ba03-0f5191b1f77c",
    "data": [
      {
        "text": "how many ",
        "userDefined": false
      },
      {
        "text": "years",
        "alias": "duration",
        "meta": "@sys.duration",
        "userDefined": true
      },
      {
        "text": " it takes to finish ",
        "userDefined": false
      },
      {
        "text": "MSc in Environmental Management and Sustainability",
        "alias": "MSc_in_enviromental_sustain",
        "meta": "@MSc_in_enviromental_sustain",
        "userDefined": true
      },
      {
        "text": "?",
        "userDefined": false
      }
    ],
    "isTemplate": false,
    "count": 0
  },
  {
    "id": "4695127b-d071-45bf-a5d3-ee4574d44e93",
    "data": [
      {
        "text": "how many ",
        "userDefined": false
      },
      {
        "text": "semesters",
        "alias": "duration",
        "meta": "@sys.duration",
        "userDefined": true
      },
      {
        "text": " do the ",
        "userDefined": false
      },
      {
        "text": "MSc in Energy and Finance",
        "alias": "MSc_in_energy_systems",
        "meta": "@MSc_in_energy_systems",
        "userDefined": true
      },
      {
        "text": " have?",
        "userDefined": false
      }
    ],
    "isTemplate": false,
    "count": 0
  },
  {
    "id": "260b4cad-d551-4272-89ab-7abd637e08b2",
    "data": [
      {
        "text": "how many ",
        "userDefined": false
      },
      {
        "text": "months",
        "alias": "duration",
        "meta": "@sys.duration",
        "userDefined": true
      },
      {
        "text": " it takes for ",
        "userDefined": false
      },
      {
        "text": "MSc in Energy Systems",
        "alias": "MSc_in_energy_systems1",
        "meta": "@MSc_in_energy_systems",
        "userDefined": true
      },
      {
        "text": " to finish?",
        "userDefined": false
      }
    ],
    "isTemplate": false,
    "count": 0
  },
  {
    "id": "9b7b3f5f-9d8d-458a-96d5-a62c7f9d0586",
    "data": [
      {
        "text": "What is the ",
        "userDefined": false
      },
      {
        "text": "duration",
        "alias": "duration",
        "meta": "@sys.duration",
        "userDefined": true
      },
      {
        "text": " of ",
        "userDefined": false
      },
      {
        "text": "MSc in Cybersecurity",
        "alias": "MSc_in_cybersecurity",
        "meta": "@MSc_in_cybersecurity",
        "userDefined": true
      },
      {
        "text": "?",
        "userDefined": false
      }
    ],
    "isTemplate": false,
    "count": 0
  },
  {
    "id": "82b9a6bd-212a-4d45-8b47-d12797c41597",
    "data": [
      {
        "text": "How ",
        "userDefined": false
      },
      {
        "text": "long",
        "alias": "duration",
        "meta": "@sys.duration",
        "userDefined": true
      },
      {
        "text": " does the ",
        "userDefined": false
      },
      {
        "text": "master in data science",
        "alias": "Data_Science",
        "meta": "@Data_Science",
        "userDefined": true
      },
      {
        "text": " last?",
        "userDefined": false
      }
    ],
    "isTemplate": false,
    "count": 0
  },
  {
    "id": "da5b630a-2bd5-4b9a-a6d0-3d1db3163a67",
    "data": [
      {
        "text": "how long does it take to finish the ",
        "userDefined": false
      },
      {
        "text": "master in ict",
        "alias": "Master_ICT",
        "meta": "@Master_ICT",
        "userDefined": false
      },
      {
        "text": " ?",
        "userDefined": false
      }
    ],
    "isTemplate": false,
    "count": 0
  },
  {
    "id": "60556421-9a0b-4e0c-9bb8-491592999663",
    "data": [
      {
        "text": "How long does the ",
        "userDefined": false
      },
      {
        "text": "MSc in Mobile and Web Computing",
        "alias": "MSc_in_mobile_and_webcomputing",
        "meta": "@MSc_in_mobile_and_webcomputing",
        "userDefined": true
      },
      {
        "text": " last?",
        "userDefined": false
      }
    ],
    "isTemplate": false,
    "count": 0
  }
]