[
  {
    "id": "08e0c28a-53a4-4d92-b21a-c65062db1989",
    "data": [
      {
        "text": "tuition fees for the ",
        "userDefined": false
      },
      {
        "text": "master in ict",
        "alias": "Master_ICT",
        "meta": "@Master_ICT",
        "userDefined": false
      }
    ],
    "isTemplate": false,
    "count": 1,
    "updated": 0
  },
  {
    "id": "c078a2e8-47e2-45d0-addc-cf991462d9fc",
    "data": [
      {
        "text": "how much do i have to pay for the master in ",
        "userDefined": false
      },
      {
        "text": "Mobile and Web Computing",
        "alias": "MSc_in_mobile_and_webcomputing",
        "meta": "@MSc_in_mobile_and_webcomputing",
        "userDefined": true
      }
    ],
    "isTemplate": false,
    "count": 0
  },
  {
    "id": "44c0d466-9e33-453d-bd92-be93acc76134",
    "data": [
      {
        "text": "How much are the tuition fees for the ",
        "userDefined": false
      },
      {
        "text": "MSc in ICT",
        "alias": "Master_ICT",
        "meta": "@Master_ICT",
        "userDefined": false
      },
      {
        "text": "?",
        "userDefined": false
      }
    ],
    "isTemplate": false,
    "count": 0
  },
  {
    "id": "f0534e3f-ef4a-4b06-a531-fc635d059b5d",
    "data": [
      {
        "text": "how much do i have to pay for the ",
        "userDefined": false
      },
      {
        "text": "Cybersecurity",
        "alias": "MSc_in_cybersecurity",
        "meta": "@MSc_in_cybersecurity",
        "userDefined": true
      },
      {
        "text": "?",
        "userDefined": false
      }
    ],
    "isTemplate": false,
    "count": 0
  },
  {
    "id": "f17d1d5d-7c0c-44d1-aa51-4c6eb65b906d",
    "data": [
      {
        "text": "what are the tuition fees?",
        "userDefined": false
      }
    ],
    "isTemplate": false,
    "count": 0
  },
  {
    "id": "51c15459-3717-4e9c-a186-6afb656cf359",
    "data": [
      {
        "text": "what\u0027s the cost for MSc in ",
        "userDefined": false
      },
      {
        "text": "Smart Cities and Communities",
        "alias": "MSc_in_smart_cities",
        "meta": "@MSc_in_smart_cities",
        "userDefined": true
      }
    ],
    "isTemplate": false,
    "count": 0
  },
  {
    "id": "76346826-072b-423f-9f40-d90c89a7e212",
    "data": [
      {
        "text": "tuition fees for the ",
        "userDefined": false
      },
      {
        "text": "e-Business and Digital Marketing",
        "alias": "MSc_in_ebusiness_and_marketing",
        "meta": "@MSc_in_ebusiness_and_marketing",
        "userDefined": true
      },
      {
        "text": "?",
        "userDefined": false
      }
    ],
    "isTemplate": false,
    "count": 0
  },
  {
    "id": "146a7f81-57cd-4888-92f0-dfa31444705f",
    "data": [
      {
        "text": "How much are the tuition fees for the ",
        "userDefined": false
      },
      {
        "text": "MSc in Data Science",
        "alias": "Data_Science",
        "meta": "@Data_Science",
        "userDefined": false
      },
      {
        "text": "?",
        "userDefined": false
      }
    ],
    "isTemplate": false,
    "count": 0
  }
]