[
  {
    "id": "7c11d951-f29b-49f9-8772-7315e2771082",
    "data": [
      {
        "text": "What are the courses taught in ",
        "userDefined": false
      },
      {
        "text": "master in ICT",
        "alias": "Master_ICT",
        "meta": "@Master_ICT",
        "userDefined": false
      },
      {
        "text": "?",
        "userDefined": false
      }
    ],
    "isTemplate": false,
    "count": 0
  },
  {
    "id": "0387d2db-22b5-4f91-a550-f8d3323211c4",
    "data": [
      {
        "text": "What are the courses taught in ",
        "userDefined": false
      },
      {
        "text": "master in data science",
        "alias": "Data_Science",
        "meta": "@Data_Science",
        "userDefined": false
      },
      {
        "text": "?",
        "userDefined": false
      }
    ],
    "isTemplate": false,
    "count": 0
  }
]