[
  {
    "id": "a54d22bd-4f11-4b12-a1b9-9c5380739c29",
    "data": [
      {
        "text": "ok, tell me about professor ",
        "userDefined": false
      },
      {
        "text": "Tjortjis",
        "alias": "TjortjisChristos",
        "meta": "@TjortjisChristos",
        "userDefined": false
      }
    ],
    "isTemplate": false,
    "count": 0,
    "updated": 0
  },
  {
    "id": "e1517b22-bf7c-462b-a115-aed66adeb543",
    "data": [
      {
        "text": "what is the e mail of ",
        "userDefined": false
      },
      {
        "text": "berberidis",
        "alias": "Berberidis",
        "meta": "@Berberidis",
        "userDefined": false
      }
    ],
    "isTemplate": false,
    "count": 0,
    "updated": 0
  },
  {
    "id": "55b9d2a3-bbab-4395-a9b0-0c345e4aab00",
    "data": [
      {
        "text": "what is the telephone of ",
        "userDefined": false
      },
      {
        "text": "peristeras",
        "alias": "PeristerasVassilios",
        "meta": "@PeristerasVassilios",
        "userDefined": false
      }
    ],
    "isTemplate": false,
    "count": 0,
    "updated": 0
  },
  {
    "id": "fb694daa-6408-43d9-90d2-af4d8fdeb7fe",
    "data": [
      {
        "text": "telephone of ",
        "userDefined": false
      },
      {
        "text": "tzortjis",
        "alias": "TjortjisChristos",
        "meta": "@TjortjisChristos",
        "userDefined": false
      }
    ],
    "isTemplate": false,
    "count": 0,
    "updated": 0
  },
  {
    "id": "a1e8adc7-50c7-4230-8cee-64ca018abd36",
    "data": [
      {
        "text": "i want more information about ",
        "userDefined": false
      },
      {
        "text": "Peristeras",
        "alias": "PeristerasVassilios",
        "meta": "@PeristerasVassilios",
        "userDefined": true
      }
    ],
    "isTemplate": false,
    "count": 1,
    "updated": 0
  },
  {
    "id": "b6ca8649-83ee-4077-906a-81f757d043b9",
    "data": [
      {
        "text": "more information about ",
        "userDefined": false
      },
      {
        "text": "professor",
        "meta": "@sys.ignore",
        "userDefined": false
      },
      {
        "text": " ",
        "userDefined": false
      },
      {
        "text": "berberidis",
        "alias": "Berberidis",
        "meta": "@Berberidis",
        "userDefined": false
      }
    ],
    "isTemplate": false,
    "count": 0,
    "updated": 0
  },
  {
    "id": "82b75df8-dad3-4f80-ae91-ee62260115e9",
    "data": [
      {
        "text": "can you tell me more about ",
        "userDefined": false
      },
      {
        "text": "baltatzis",
        "alias": "DimitriosBaltatzis",
        "meta": "@DimitriosBaltatzis",
        "userDefined": true
      }
    ],
    "isTemplate": false,
    "count": 0,
    "updated": 0
  },
  {
    "id": "5bf92492-297f-47a2-9ecd-fdbd328ea73a",
    "data": [
      {
        "text": "i need more info about ",
        "userDefined": false
      },
      {
        "text": "stavrinides",
        "alias": "StavrosStavrinides",
        "meta": "@StavrosStavrinides",
        "userDefined": true
      }
    ],
    "isTemplate": false,
    "count": 0,
    "updated": 0
  },
  {
    "id": "274bb072-8dc9-4e4a-b985-894499c7d397",
    "data": [
      {
        "text": "stavrinides",
        "alias": "StavrosStavrinides",
        "meta": "@StavrosStavrinides",
        "userDefined": true
      }
    ],
    "isTemplate": false,
    "count": 0
  },
  {
    "id": "15dd676f-2eb5-4b22-af33-401eef253a91",
    "data": [
      {
        "text": "evangelidis",
        "alias": "GeorgiosEvangelidis",
        "meta": "@GeorgiosEvangelidis",
        "userDefined": false
      }
    ],
    "isTemplate": false,
    "count": 0
  },
  {
    "id": "5dd09809-9e9c-4ba0-8457-6093cf3bc13e",
    "data": [
      {
        "text": "peristeras",
        "alias": "PeristerasVassilios",
        "meta": "@PeristerasVassilios",
        "userDefined": false
      }
    ],
    "isTemplate": false,
    "count": 0
  },
  {
    "id": "1caf2cfd-ec11-4b58-b915-335d1208fd1b",
    "data": [
      {
        "text": "tjortjis",
        "alias": "TjortjisChristos",
        "meta": "@TjortjisChristos",
        "userDefined": false
      }
    ],
    "isTemplate": false,
    "count": 0
  },
  {
    "id": "4f36837f-d05f-4b55-8e65-5ceeb0c8f0e4",
    "data": [
      {
        "text": "berberidis",
        "alias": "Berberidis",
        "meta": "@Berberidis",
        "userDefined": false
      }
    ],
    "isTemplate": false,
    "count": 0
  },
  {
    "id": "1c43c5ad-c1e0-4695-ae38-c9add5502e05",
    "data": [
      {
        "text": "baltatzis",
        "alias": "DimitriosBaltatzis",
        "meta": "@DimitriosBaltatzis",
        "userDefined": true
      }
    ],
    "isTemplate": false,
    "count": 0
  }
]