[
  {
    "id": "4b311e8e-09e6-4239-b918-a9be2a16e5b7",
    "data": [
      {
        "text": "exams",
        "alias": "examination",
        "meta": "@examination",
        "userDefined": false
      }
    ],
    "isTemplate": false,
    "count": 1
  },
  {
    "id": "84d86108-028d-45f4-b5e0-a0c4bb02aabe",
    "data": [
      {
        "text": "piece of info about ",
        "userDefined": false
      },
      {
        "text": "examination",
        "alias": "examination",
        "meta": "@examination",
        "userDefined": false
      }
    ],
    "isTemplate": false,
    "count": 0,
    "updated": 0
  },
  {
    "id": "08eb801c-f4da-4eee-9e8f-b9484a819145",
    "data": [
      {
        "text": "how students are ",
        "userDefined": false
      },
      {
        "text": "examined",
        "alias": "examination",
        "meta": "@examination",
        "userDefined": false
      },
      {
        "text": "?",
        "userDefined": false
      }
    ],
    "isTemplate": false,
    "count": 0,
    "updated": 0
  },
  {
    "id": "376c4344-2a61-44f8-b194-0e68d7ac4d4c",
    "data": [
      {
        "text": "i want more information about the ",
        "userDefined": false
      },
      {
        "text": "examination",
        "alias": "examination",
        "meta": "@examination",
        "userDefined": false
      }
    ],
    "isTemplate": false,
    "count": 0,
    "updated": 0
  },
  {
    "id": "dfc61725-e772-4e94-b93c-12207de7e099",
    "data": [
      {
        "text": "can you tell me more info about the ",
        "userDefined": false
      },
      {
        "text": "exams",
        "alias": "examination",
        "meta": "@examination",
        "userDefined": false
      },
      {
        "text": "?",
        "userDefined": false
      }
    ],
    "isTemplate": false,
    "count": 0,
    "updated": 0
  },
  {
    "id": "06bbcb89-d2de-45fc-88d4-720bb73fc312",
    "data": [
      {
        "text": "more information about the ",
        "userDefined": false
      },
      {
        "text": "exams",
        "alias": "examination",
        "meta": "@examination",
        "userDefined": false
      },
      {
        "text": "?",
        "userDefined": false
      }
    ],
    "isTemplate": false,
    "count": 0,
    "updated": 0
  },
  {
    "id": "e626b97e-a627-454d-8a82-ede1051c3d66",
    "data": [
      {
        "text": "students are ",
        "userDefined": false
      },
      {
        "text": "examined",
        "alias": "examination",
        "meta": "@examination",
        "userDefined": false
      },
      {
        "text": " with ",
        "userDefined": false
      },
      {
        "text": "courseworks",
        "alias": "examination1",
        "meta": "@examination",
        "userDefined": false
      }
    ],
    "isTemplate": false,
    "count": 0,
    "updated": 0
  },
  {
    "id": "1177a10a-7048-4c6c-b2aa-0c460a312bd6",
    "data": [
      {
        "text": "examination",
        "alias": "examination",
        "meta": "@examination",
        "userDefined": false
      }
    ],
    "isTemplate": false,
    "count": 0
  },
  {
    "id": "ed00a253-d6e0-44f1-99b5-3140eafe4563",
    "data": [
      {
        "text": "examined",
        "alias": "examination",
        "meta": "@examination",
        "userDefined": false
      }
    ],
    "isTemplate": false,
    "count": 0
  }
]