[
  {
    "id": "cd9a8a94-161e-4c61-960c-da96fdf288f3",
    "data": [
      {
        "text": "strategic product",
        "alias": "MSc_in_strategic_product",
        "meta": "@MSc_in_strategic_product",
        "userDefined": true
      }
    ],
    "isTemplate": false,
    "count": 0
  },
  {
    "id": "06690cc2-2ec8-4f3f-968e-30e6269d4fe8",
    "data": [
      {
        "text": "environmental management and sustainability",
        "alias": "MSc_in_enviromental_sustain",
        "meta": "@MSc_in_enviromental_sustain",
        "userDefined": true
      }
    ],
    "isTemplate": false,
    "count": 0
  },
  {
    "id": "f9fc7f20-2a72-4be5-bdb0-7fa2a4b3ab7d",
    "data": [
      {
        "text": "energy building",
        "alias": "master_in_energy_building",
        "meta": "@master_in_energy_building",
        "userDefined": true
      }
    ],
    "isTemplate": false,
    "count": 0
  },
  {
    "id": "130ffe93-cf85-4038-a9ae-b877f0ac8819",
    "data": [
      {
        "text": "energy systems",
        "alias": "MSc_in_energy_systems",
        "meta": "@MSc_in_energy_systems",
        "userDefined": false
      }
    ],
    "isTemplate": false,
    "count": 0
  },
  {
    "id": "817ee364-151c-4e4b-aa35-43228a069872",
    "data": [
      {
        "text": "energy and finance",
        "alias": "master_in_energy_and_finance",
        "meta": "@master_in_energy_and_finance",
        "userDefined": true
      }
    ],
    "isTemplate": false,
    "count": 0
  },
  {
    "id": "438e708e-7e7c-4dd5-9185-4dfaa0204124",
    "data": [
      {
        "text": "e -business",
        "alias": "MSc_in_ebusiness_and_marketing",
        "meta": "@MSc_in_ebusiness_and_marketing",
        "userDefined": true
      }
    ],
    "isTemplate": false,
    "count": 0
  },
  {
    "id": "14c30138-a87e-430c-a571-f91626d7155e",
    "data": [
      {
        "text": "MSc in mobile",
        "alias": "MSc_in_mobile_and_webcomputing",
        "meta": "@MSc_in_mobile_and_webcomputing",
        "userDefined": true
      }
    ],
    "isTemplate": false,
    "count": 0
  },
  {
    "id": "4a187248-ff83-4930-988b-83e7a2bc55b9",
    "data": [
      {
        "text": "mobile and web computer",
        "alias": "MSc_in_mobile_and_webcomputing",
        "meta": "@MSc_in_mobile_and_webcomputing",
        "userDefined": true
      }
    ],
    "isTemplate": false,
    "count": 0
  },
  {
    "id": "ad495427-5ac2-4584-bb0d-1caed29af400",
    "data": [
      {
        "text": "smart cities",
        "alias": "MSc_in_smart_cities",
        "meta": "@MSc_in_smart_cities",
        "userDefined": true
      }
    ],
    "isTemplate": false,
    "count": 0
  },
  {
    "id": "b781fe83-1135-4128-87a3-1ed48ea9dbb5",
    "data": [
      {
        "text": "cybersecurity",
        "alias": "MSc_in_cybersecurity",
        "meta": "@MSc_in_cybersecurity",
        "userDefined": true
      }
    ],
    "isTemplate": false,
    "count": 0
  },
  {
    "id": "6c603ba1-2307-48b7-85b1-c28cc13e0747",
    "data": [
      {
        "text": "data science",
        "alias": "Data_Science",
        "meta": "@Data_Science",
        "userDefined": true
      }
    ],
    "isTemplate": false,
    "count": 0
  },
  {
    "id": "479fedd7-ad25-43d5-bc57-91421fd7a391",
    "data": [
      {
        "text": "ICT",
        "alias": "Master_ICT",
        "meta": "@Master_ICT",
        "userDefined": false
      }
    ],
    "isTemplate": false,
    "count": 0
  },
  {
    "id": "3c4cd0f9-7a22-4247-8742-8310eb29d979",
    "data": [
      {
        "text": "Master in Data Science",
        "alias": "Data_Science",
        "meta": "@Data_Science",
        "userDefined": false
      }
    ],
    "isTemplate": false,
    "count": 0
  },
  {
    "id": "6af955bd-a57f-49ab-929e-4f9e44015826",
    "data": [
      {
        "text": "MSc. in ICT",
        "alias": "Master_ICT",
        "meta": "@Master_ICT",
        "userDefined": false
      }
    ],
    "isTemplate": false,
    "count": 0
  }
]