[
  {
    "id": "9befa3dc-f8f3-4eea-822a-cf5df0fa0dca",
    "data": [
      {
        "text": "Apply for ",
        "userDefined": false
      },
      {
        "text": "master in ICT",
        "alias": "Master_ICT",
        "meta": "@Master_ICT",
        "userDefined": true
      },
      {
        "text": "?",
        "userDefined": false
      }
    ],
    "isTemplate": false,
    "count": 1,
    "updated": 0
  },
  {
    "id": "19e37280-d3d3-4c65-bbe2-e3efcd6f3bde",
    "data": [
      {
        "text": "apply for ",
        "userDefined": false
      },
      {
        "text": "master in smart cities",
        "alias": "MSc_in_smart_cities",
        "meta": "@MSc_in_smart_cities",
        "userDefined": false
      }
    ],
    "isTemplate": false,
    "count": 0
  },
  {
    "id": "57799c48-e910-4c5b-ac57-1535c528af16",
    "data": [
      {
        "text": "Apply for ",
        "userDefined": false
      },
      {
        "text": "master in data science",
        "alias": "Data_Science",
        "meta": "@Data_Science",
        "userDefined": true
      },
      {
        "text": "?",
        "userDefined": false
      }
    ],
    "isTemplate": false,
    "count": 1,
    "updated": 0
  },
  {
    "id": "959a5520-7200-4221-89ad-369e65b406c2",
    "data": [
      {
        "text": "In what way can I apply for ",
        "userDefined": false
      },
      {
        "text": "master in e-business",
        "alias": "MSc_in_ebusiness_and_marketing",
        "meta": "@MSc_in_ebusiness_and_marketing",
        "userDefined": true
      },
      {
        "text": "?",
        "userDefined": false
      }
    ],
    "isTemplate": false,
    "count": 1,
    "updated": 0
  },
  {
    "id": "a821dad2-a87b-4e01-bcbd-f46630bd054e",
    "data": [
      {
        "text": "what documents do i need so as to apply for ",
        "userDefined": false
      },
      {
        "text": "master in cybersecurity",
        "alias": "MSc_in_cybersecurity",
        "meta": "@MSc_in_cybersecurity",
        "userDefined": false
      },
      {
        "text": "?",
        "userDefined": false
      }
    ],
    "isTemplate": false,
    "count": 0
  },
  {
    "id": "f93e8ca0-407a-4da4-9b1e-21dc529080da",
    "data": [
      {
        "text": "How can I apply?",
        "userDefined": false
      }
    ],
    "isTemplate": false,
    "count": 1,
    "updated": 0
  },
  {
    "id": "b17e87fd-840d-455d-b7f8-670d28e8eb46",
    "data": [
      {
        "text": "In what way can someone apply?",
        "userDefined": false
      }
    ],
    "isTemplate": false,
    "count": 1,
    "updated": 0
  },
  {
    "id": "453c2304-3b63-469e-b542-016ad720521c",
    "data": [
      {
        "text": "How can I apply for a ",
        "userDefined": false
      },
      {
        "text": "master",
        "alias": "Masters",
        "meta": "@Masters",
        "userDefined": true
      },
      {
        "text": "\u0027s programme?",
        "userDefined": false
      }
    ],
    "isTemplate": false,
    "count": 1,
    "updated": 0
  }
]