[
  {
    "id": "25895f9a-1c7b-4418-86c7-3ad00af2842e",
    "data": [
      {
        "text": "Contact the university",
        "userDefined": false
      }
    ],
    "isTemplate": false,
    "count": 0
  },
  {
    "id": "0a8f4f90-342e-46f6-bc89-b675fef2fd03",
    "data": [
      {
        "text": "How can I ",
        "userDefined": false
      },
      {
        "text": "contact",
        "meta": "@sys.ignore",
        "userDefined": true
      },
      {
        "text": "  with the university?",
        "userDefined": false
      }
    ],
    "isTemplate": false,
    "count": 0
  },
  {
    "id": "ac7c51c8-5a1d-4561-a99e-e0fed3fcdd61",
    "data": [
      {
        "text": "university contact",
        "userDefined": false
      }
    ],
    "isTemplate": false,
    "count": 0
  },
  {
    "id": "1af9b48a-515c-4372-8906-de7242346884",
    "data": [
      {
        "text": "Contact",
        "userDefined": false
      }
    ],
    "isTemplate": false,
    "count": 0
  }
]