[
  {
    "id": "9258be2f-ec0f-4fb7-845d-120d62e9ffc0",
    "data": [
      {
        "text": "University e-mail",
        "alias": "university_email",
        "meta": "@university_email",
        "userDefined": true
      }
    ],
    "isTemplate": false,
    "count": 1,
    "updated": 0
  },
  {
    "id": "589327e7-444d-47ac-bfe5-e0937238ce6e",
    "data": [
      {
        "text": "What is the ",
        "userDefined": false
      },
      {
        "text": "e-mail address of the university",
        "alias": "university_email",
        "meta": "@university_email",
        "userDefined": false
      },
      {
        "text": "?",
        "userDefined": false
      }
    ],
    "isTemplate": false,
    "count": 1,
    "updated": 0
  },
  {
    "id": "df41039e-79d1-41e0-8c71-86737e3f122d",
    "data": [
      {
        "text": "university email",
        "alias": "university_email",
        "meta": "@university_email",
        "userDefined": false
      }
    ],
    "isTemplate": false,
    "count": 1,
    "updated": 0
  },
  {
    "id": "5a19bce2-e04f-42f6-8fbd-9fe37fcc92ef",
    "data": [
      {
        "text": "Contact the ",
        "userDefined": false
      },
      {
        "text": "uni by email",
        "alias": "university_email",
        "meta": "@university_email",
        "userDefined": true
      }
    ],
    "isTemplate": false,
    "count": 1,
    "updated": 0
  },
  {
    "id": "b6bffc29-f2ff-4df6-9a29-1e8ff4bca0de",
    "data": [
      {
        "text": "What\u0027s the ",
        "userDefined": false
      },
      {
        "text": "e-mail of the university",
        "alias": "university_email",
        "meta": "@university_email",
        "userDefined": false
      },
      {
        "text": "?",
        "userDefined": false
      }
    ],
    "isTemplate": false,
    "count": 0
  },
  {
    "id": "602db42a-f6ee-462f-8fd1-531009df9303",
    "data": [
      {
        "text": "How can I contact the university by email?",
        "userDefined": false
      }
    ],
    "isTemplate": false,
    "count": 0
  }
]