[
  {
    "id": "60791acd-8cbf-4b5c-a857-952bf53587ed",
    "data": [
      {
        "text": "university number",
        "alias": "uni_number",
        "meta": "@uni_number",
        "userDefined": true
      }
    ],
    "isTemplate": false,
    "count": 0,
    "updated": 0
  },
  {
    "id": "81d13b10-7f0b-48ee-b7ed-bc7bd583203c",
    "data": [
      {
        "text": "How can I contact the university by telephone?",
        "userDefined": false
      }
    ],
    "isTemplate": false,
    "count": 0
  },
  {
    "id": "fe24e9a0-7857-4653-82b6-e3356997616d",
    "data": [
      {
        "text": "university telephone number",
        "alias": "uni_number",
        "meta": "@uni_number",
        "userDefined": false
      }
    ],
    "isTemplate": false,
    "count": 0
  },
  {
    "id": "47bdbdff-deb4-4dbe-a9e4-1f92d8f644bf",
    "data": [
      {
        "text": "University telephone",
        "alias": "uni_number",
        "meta": "@uni_number",
        "userDefined": false
      }
    ],
    "isTemplate": false,
    "count": 0,
    "updated": 0
  },
  {
    "id": "67e47321-6c89-47ef-9f77-1767ba7e2788",
    "data": [
      {
        "text": "Contact the uni by phone",
        "alias": "uni_number",
        "meta": "@uni_number",
        "userDefined": true
      }
    ],
    "isTemplate": false,
    "count": 0,
    "updated": 0
  },
  {
    "id": "e3d6c40c-10f2-48f6-a42a-a024f3d7cde2",
    "data": [
      {
        "text": "What is the ",
        "userDefined": false
      },
      {
        "text": "telephone number of the university",
        "alias": "uni_number",
        "meta": "@uni_number",
        "userDefined": true
      },
      {
        "text": "?",
        "userDefined": false
      }
    ],
    "isTemplate": false,
    "count": 0,
    "updated": 0
  }
]