[
  {
    "id": "8d33502b-2b5b-4a94-a27f-07dbd2ccd7f9",
    "data": [
      {
        "text": "I want info for data science",
        "userDefined": false
      }
    ],
    "isTemplate": false,
    "count": 2,
    "updated": 0
  },
  {
    "id": "1256cfc9-ad63-4bcd-a86f-485d25c27c7e",
    "data": [
      {
        "text": "Machine learning",
        "alias": "Machine_Learning",
        "meta": "@Machine_Learning",
        "userDefined": true
      }
    ],
    "isTemplate": false,
    "count": 2,
    "updated": 0
  },
  {
    "id": "d09b7232-4d19-4656-8a06-b2b29a9f168f",
    "data": [
      {
        "text": "statistics",
        "alias": "StatisticalMethods",
        "meta": "@StatisticalMethods",
        "userDefined": false
      }
    ],
    "isTemplate": false,
    "count": 1,
    "updated": 0
  },
  {
    "id": "4d7e22aa-b598-41a1-801c-e989dcb86630",
    "data": [
      {
        "text": "i want info in data science",
        "userDefined": false
      }
    ],
    "isTemplate": false,
    "count": 0,
    "updated": 0
  },
  {
    "id": "68ed191d-a329-42ac-b700-9c913476785f",
    "data": [
      {
        "text": "i want information for the course ",
        "userDefined": false
      },
      {
        "text": "data mining",
        "alias": "Data_Mining",
        "meta": "@Data_Mining",
        "userDefined": false
      }
    ],
    "isTemplate": false,
    "count": 0,
    "updated": 0
  },
  {
    "id": "48c20050-6187-4b26-b38a-e5792b0a114f",
    "data": [
      {
        "text": "i want info about the course ",
        "userDefined": false
      },
      {
        "text": "exploratory data analysis",
        "alias": "ExploratoryDataAnalysis",
        "meta": "@ExploratoryDataAnalysis",
        "userDefined": false
      },
      {
        "text": " and visualization",
        "userDefined": false
      }
    ],
    "isTemplate": false,
    "count": 0,
    "updated": 0
  },
  {
    "id": "fc140d2c-aef5-4075-818e-62356d5b7682",
    "data": [
      {
        "text": "Social Media and Online Community Management",
        "alias": "Social_Media",
        "meta": "@Social_Media",
        "userDefined": true
      }
    ],
    "isTemplate": false,
    "count": 0
  },
  {
    "id": "65ef1bd5-cf66-4341-b8d6-34c3ae0d2a04",
    "data": [
      {
        "text": "Information Retrieval",
        "alias": "Information_Retrieval",
        "meta": "@Information_Retrieval",
        "userDefined": false
      }
    ],
    "isTemplate": false,
    "count": 0
  },
  {
    "id": "ceffa034-b1e7-4200-83d6-686b69172c46",
    "data": [
      {
        "text": "what is ",
        "userDefined": false
      },
      {
        "text": "the",
        "meta": "@sys.ignore",
        "userDefined": false
      },
      {
        "text": " ",
        "userDefined": false
      },
      {
        "text": "advanced database systems",
        "alias": "Advanced",
        "meta": "@Advanced_Database_Systems",
        "userDefined": true
      },
      {
        "text": " course about?",
        "userDefined": false
      }
    ],
    "isTemplate": false,
    "count": 1,
    "updated": 0
  },
  {
    "id": "dff9ed95-e922-4d71-98fe-720e1ba353ea",
    "data": [
      {
        "text": "Data Mining",
        "alias": "Data_Mining",
        "meta": "@Data_Mining",
        "userDefined": false
      }
    ],
    "isTemplate": false,
    "count": 0
  },
  {
    "id": "744899e2-2b7f-45f2-bd02-87718052c814",
    "data": [
      {
        "text": "Knowledge Management in the Web",
        "alias": "Knowledge_Management",
        "meta": "@Knowledge_Management",
        "userDefined": false
      }
    ],
    "isTemplate": false,
    "count": 0
  },
  {
    "id": "2123c96e-dc21-4f74-bd6c-c00e433b5adb",
    "data": [
      {
        "text": "Multimedia Data Analysis",
        "alias": "Multimedia_Data_Analysis",
        "meta": "@Multimedia_Data_Analysis",
        "userDefined": true
      }
    ],
    "isTemplate": false,
    "count": 0
  },
  {
    "id": "9783bdb9-7eba-4655-9ffa-5fd842118147",
    "data": [
      {
        "text": " ",
        "userDefined": false
      },
      {
        "text": "advanced database systems",
        "alias": "Advanced",
        "meta": "@Advanced_Database_Systems",
        "userDefined": true
      }
    ],
    "isTemplate": false,
    "count": 2
  },
  {
    "id": "549a859d-64fd-44ec-a3d9-eb43b349ad8b",
    "data": [
      {
        "text": " ",
        "userDefined": false
      },
      {
        "text": "programming for data science",
        "alias": "Programming",
        "meta": "@Programming_for_Data_Science",
        "userDefined": true
      }
    ],
    "isTemplate": false,
    "count": 1
  },
  {
    "id": "57bc1134-a610-443e-b448-6ea0f9bcb9b8",
    "data": [
      {
        "text": "Consulting Project",
        "alias": "Consulting_Project",
        "meta": "@Consulting_Project",
        "userDefined": false
      }
    ],
    "isTemplate": false,
    "count": 0
  },
  {
    "id": "5ebab571-a614-4585-9a7b-996e350e934d",
    "data": [
      {
        "text": "Big Data and Cloud Computing",
        "alias": "Big_Data_and_cloud_Computing",
        "meta": "@Big_Data_and_cloud_Computing",
        "userDefined": false
      }
    ],
    "isTemplate": false,
    "count": 0
  },
  {
    "id": "5d02733f-2e98-4665-8ba6-265cfac6ac88",
    "data": [
      {
        "text": "Advanced Machine Learning",
        "alias": "Advanced_Machine_Learning",
        "meta": "@Advanced_Machine_Learning",
        "userDefined": false
      }
    ],
    "isTemplate": false,
    "count": 0
  },
  {
    "id": "2c3a5f76-fb14-462a-bec0-e96ef4743ed6",
    "data": [
      {
        "text": " ",
        "userDefined": false
      },
      {
        "text": "Data Science for Business",
        "alias": "Data_Science_for_Business",
        "meta": "@Data_Science_for_Business",
        "userDefined": false
      }
    ],
    "isTemplate": false,
    "count": 1
  },
  {
    "id": "0786952f-6e78-4720-b69b-3dfb0c299510",
    "data": [
      {
        "text": "what about ",
        "userDefined": false
      },
      {
        "text": "programming for data science",
        "alias": "Programming",
        "meta": "@Programming_for_Data_Science",
        "userDefined": true
      },
      {
        "text": "?",
        "userDefined": false
      }
    ],
    "isTemplate": false,
    "count": 0,
    "updated": 0
  },
  {
    "id": "f23641f9-4a28-4cff-bbed-54e31d88f6d4",
    "data": [
      {
        "text": "Statistical Methods for Data Science",
        "alias": "StatisticalMethods",
        "meta": "@StatisticalMethods",
        "userDefined": false
      }
    ],
    "isTemplate": false,
    "count": 1,
    "updated": 0
  },
  {
    "id": "3f0bf109-a773-4d5b-81d2-dce323c6d457",
    "data": [
      {
        "text": "Natural Language Processing and Text Mining",
        "alias": "Natural_Language_Processing",
        "meta": "@Natural_Language_Processing",
        "userDefined": true
      }
    ],
    "isTemplate": false,
    "count": 0
  },
  {
    "id": "a2c2522c-57d3-461c-aefc-a495b1929a3d",
    "data": [
      {
        "text": "Exploratory Data Analysis and Visualization",
        "alias": "ExploratoryDataAnalysis",
        "meta": "@ExploratoryDataAnalysis",
        "userDefined": false
      }
    ],
    "isTemplate": false,
    "count": 0
  },
  {
    "id": "3664135f-c39d-4e84-9518-bd4c5a1161be",
    "data": [
      {
        "text": "Preview of the ",
        "userDefined": false
      },
      {
        "text": "Data Science for Business",
        "alias": "Data_Science_for_Business",
        "meta": "@Data_Science_for_Business",
        "userDefined": false
      }
    ],
    "isTemplate": false,
    "count": 0,
    "updated": 0
  }
]