[
  {
    "id": "014c66e8-34af-4333-b4c1-636f5bf181d0",
    "data": [
      {
        "text": "I want information about ",
        "userDefined": false
      },
      {
        "text": "Life Cycle Assessment",
        "alias": "Life_Cycle_Assessment",
        "meta": "@Life_Cycle_Assessment",
        "userDefined": false
      }
    ],
    "isTemplate": false,
    "count": 0,
    "updated": 0
  },
  {
    "id": "e0dcebae-f20b-4842-9acb-ea4820761f6a",
    "data": [
      {
        "text": "What about the content of Enviromental and ",
        "userDefined": false
      },
      {
        "text": "Energy Policy",
        "alias": "Environmental_Energy_Policy",
        "meta": "@Environmental_Energy_Policy",
        "userDefined": false
      }
    ],
    "isTemplate": false,
    "count": 0,
    "updated": 0
  },
  {
    "id": "cbd1393c-33f9-4fe4-8818-18d58c5f35f0",
    "data": [
      {
        "text": "What is ",
        "userDefined": false
      },
      {
        "text": "Energy and Enviromental Law",
        "alias": "Energy_and_Environmental_Law",
        "meta": "@Energy_and_Environmental_Law",
        "userDefined": true
      },
      {
        "text": " about?",
        "userDefined": false
      }
    ],
    "isTemplate": false,
    "count": 0,
    "updated": 0
  },
  {
    "id": "eabd5140-4e10-4c49-be18-ed4df6019dd5",
    "data": [
      {
        "text": "Wind and Hydro Power Systems",
        "alias": "Wind_Hydro_Power_Systems",
        "meta": "@Wind_Hydro_Power_Systems",
        "userDefined": false
      }
    ],
    "isTemplate": false,
    "count": 0
  },
  {
    "id": "7c960b79-e52d-46c4-be35-7c5195c2a44d",
    "data": [
      {
        "text": "Modelling and Simulation of Building Integrated Solar Energy Systems",
        "alias": "Modelling_and_Simulation",
        "meta": "@Modelling_and_Simulation",
        "userDefined": false
      }
    ],
    "isTemplate": false,
    "count": 0
  },
  {
    "id": "10994242-e671-4ce6-8869-c77c07d1fae5",
    "data": [
      {
        "text": "Life Cycle Assessment",
        "alias": "Life_Cycle_Assessment",
        "meta": "@Life_Cycle_Assessment",
        "userDefined": false
      }
    ],
    "isTemplate": false,
    "count": 0
  },
  {
    "id": "cfbd7538-4bf5-4bf3-a117-444afb4053d2",
    "data": [
      {
        "text": "Environmental and Energy Policy",
        "alias": "Environmental_Energy_Policy",
        "meta": "@Environmental_Energy_Policy",
        "userDefined": false
      }
    ],
    "isTemplate": false,
    "count": 0
  },
  {
    "id": "0110039a-659e-42cc-913f-a3cbce68d291",
    "data": [
      {
        "text": "Energy Transmission and Storage",
        "alias": "Energy_Transmission_Storage",
        "meta": "@Energy_Transmission_Storage",
        "userDefined": false
      }
    ],
    "isTemplate": false,
    "count": 0
  },
  {
    "id": "375da44d-b47a-4417-8b55-8d1fa0d4badd",
    "data": [
      {
        "text": "Energy and Environmental Law",
        "alias": "Energy_and_Environmental_Law",
        "meta": "@Energy_and_Environmental_Law",
        "userDefined": false
      }
    ],
    "isTemplate": false,
    "count": 0
  },
  {
    "id": "ba9264e9-827d-44dd-a34a-23a055fb1e3f",
    "data": [
      {
        "text": "Biofuels and their Assessment",
        "alias": "Biofuels_and_their_Assessment",
        "meta": "@Biofuels_and_their_Assessment",
        "userDefined": false
      }
    ],
    "isTemplate": false,
    "count": 0
  },
  {
    "id": "960b15c7-1aed-46b9-95d4-78f387ad3cec",
    "data": [
      {
        "text": "Advanced Design of Energy Processes",
        "alias": "AdvancedDesignEnergyProcesses",
        "meta": "@AdvancedDesignEnergyProcesses",
        "userDefined": false
      }
    ],
    "isTemplate": false,
    "count": 0
  },
  {
    "id": "ea001c5d-379a-43a3-930b-94149b853b2e",
    "data": [
      {
        "text": "Smart Cities",
        "alias": "Smart_Cities",
        "meta": "@Smart_Cities",
        "userDefined": false
      }
    ],
    "isTemplate": false,
    "count": 0
  },
  {
    "id": "c05382d4-7959-4bf2-b822-97b3fb38ae92",
    "data": [
      {
        "text": "Alternative Fuels",
        "alias": "Alternative_Fuels",
        "meta": "@Alternative_Fuels",
        "userDefined": false
      }
    ],
    "isTemplate": false,
    "count": 0
  },
  {
    "id": "cc685a6f-f9d5-4c68-8749-bd7bfc921f51",
    "data": [
      {
        "text": "Solar Power and Thermal Systems",
        "alias": "Solar_Power_Thermal_Systems",
        "meta": "@Solar_Power_Thermal_Systems",
        "userDefined": false
      }
    ],
    "isTemplate": false,
    "count": 0
  },
  {
    "id": "007c7a0d-9f29-4468-a51f-440ddcd19cf2",
    "data": [
      {
        "text": "Processes for Power and Energy Conversion",
        "alias": "Processes_for_Power",
        "meta": "@Processes_for_Power",
        "userDefined": false
      }
    ],
    "isTemplate": false,
    "count": 0
  },
  {
    "id": "9c414b68-d0ef-47dc-92d2-9454a0ac0844",
    "data": [
      {
        "text": "Energy Systems Simulation and Modelling",
        "alias": "Energy_Systems_Simulation",
        "meta": "@Energy_Systems_Simulation",
        "userDefined": false
      }
    ],
    "isTemplate": false,
    "count": 0
  },
  {
    "id": "9e719db8-7ed4-4b75-a924-32b12f05eaf4",
    "data": [
      {
        "text": "Project Management",
        "alias": "Project_Management",
        "meta": "@Project_Management",
        "userDefined": false
      }
    ],
    "isTemplate": false,
    "count": 0
  },
  {
    "id": "68d6126b-21e7-48a1-9140-343c9f01eb1b",
    "data": [
      {
        "text": "Project Finance",
        "alias": "Project_Finance",
        "meta": "@Project_Finance",
        "userDefined": false
      }
    ],
    "isTemplate": false,
    "count": 0
  },
  {
    "id": "c7734192-4bee-4b7f-b0ff-8928a6983b33",
    "data": [
      {
        "text": "Quantitative Methods",
        "alias": "Quantitative_Methods",
        "meta": "@Quantitative_Methods",
        "userDefined": false
      }
    ],
    "isTemplate": false,
    "count": 0
  }
]