[
  {
    "id": "ccf1c77b-8037-40a0-966b-52bd195f11ce",
    "data": [
      {
        "text": "more info about ",
        "userDefined": false
      },
      {
        "text": "portfolio management",
        "alias": "Portfolio_Management",
        "meta": "@Portfolio_Management",
        "userDefined": false
      }
    ],
    "isTemplate": false,
    "count": 0,
    "updated": 0
  },
  {
    "id": "a647dd96-1440-46a6-9c2f-0bbd00270f13",
    "data": [
      {
        "text": "more info for ",
        "userDefined": false
      },
      {
        "text": "portfolio management",
        "alias": "Portfolio_Management",
        "meta": "@Portfolio_Management",
        "userDefined": false
      }
    ],
    "isTemplate": false,
    "count": 0,
    "updated": 0
  },
  {
    "id": "e24f9e44-5692-40e5-b7fc-9c64b3f6ebf1",
    "data": [
      {
        "text": "info about ",
        "userDefined": false
      },
      {
        "text": "portfolio management",
        "alias": "Portfolio_Management",
        "meta": "@Portfolio_Management",
        "userDefined": false
      }
    ],
    "isTemplate": false,
    "count": 0,
    "updated": 0
  },
  {
    "id": "43e9dd8d-eb15-4d25-a8b3-bbc2708d52bf",
    "data": [
      {
        "text": "Sustainable Production and Consumption",
        "alias": "SustainableProduction",
        "meta": "@SustainableProduction",
        "userDefined": false
      }
    ],
    "isTemplate": false,
    "count": 0
  },
  {
    "id": "f36e8ffb-8876-4173-ac54-3ac3d3387537",
    "data": [
      {
        "text": "Portfolio Management",
        "alias": "Portfolio_Management",
        "meta": "@Portfolio_Management",
        "userDefined": false
      }
    ],
    "isTemplate": false,
    "count": 0
  },
  {
    "id": "d953819c-eec1-45f6-8538-e489d5428f80",
    "data": [
      {
        "text": "Panel Data Econometrics",
        "alias": "Panel_Data_Econometrics",
        "meta": "@Panel_Data_Econometrics",
        "userDefined": false
      }
    ],
    "isTemplate": false,
    "count": 0
  },
  {
    "id": "494b045d-7068-41f3-92b7-745ca898e31f",
    "data": [
      {
        "text": "Forecasting Methods",
        "alias": "Forecasting_Methods",
        "meta": "@Forecasting_Methods",
        "userDefined": false
      }
    ],
    "isTemplate": false,
    "count": 0
  },
  {
    "id": "58b896c5-1bb8-4c38-be32-c72b6f2a8165",
    "data": [
      {
        "text": "Cost-Benefit Analysis",
        "alias": "Cost-Benefit_Analysis",
        "meta": "@Cost-Benefit_Analysis",
        "userDefined": false
      }
    ],
    "isTemplate": false,
    "count": 0
  },
  {
    "id": "1244a786-75e4-4f18-8604-366510b6920d",
    "data": [
      {
        "text": "Behavioral Finance",
        "alias": "Behavioral_Finance",
        "meta": "@Behavioral_Finance",
        "userDefined": false
      }
    ],
    "isTemplate": false,
    "count": 0
  },
  {
    "id": "4627fd58-bf3b-4e4c-a53a-7867c2fbdc35",
    "data": [
      {
        "text": "Financial Markets",
        "alias": "Financial_Markets",
        "meta": "@Financial_Markets",
        "userDefined": false
      }
    ],
    "isTemplate": false,
    "count": 0
  },
  {
    "id": "882a73c4-631b-408e-a9d3-9d151f496a8e",
    "data": [
      {
        "text": "Financial Risk Management",
        "alias": "Financial_Risk_Management",
        "meta": "@Financial_Risk_Management",
        "userDefined": false
      }
    ],
    "isTemplate": false,
    "count": 0
  },
  {
    "id": "cb59fffb-7fe2-4457-9320-4a2ae3a2c637",
    "data": [
      {
        "text": "Energy and Climate Change",
        "alias": "Energy_and_Climate_Change",
        "meta": "@Energy_and_Climate_Change",
        "userDefined": false
      }
    ],
    "isTemplate": false,
    "count": 0
  },
  {
    "id": "26f2ed83-ff4d-4d52-80e9-59180128136d",
    "data": [
      {
        "text": "Environmental and Energy Economics",
        "alias": "EnvironmentalEnergyEconomics",
        "meta": "@EnvironmentalEnergyEconomics",
        "userDefined": false
      }
    ],
    "isTemplate": false,
    "count": 0
  },
  {
    "id": "f3628fb8-e2eb-424e-b79f-504e24677353",
    "data": [
      {
        "text": "Energy Systems Technology",
        "alias": "Energy_Systems_Technology",
        "meta": "@Energy_Systems_Technology",
        "userDefined": false
      }
    ],
    "isTemplate": false,
    "count": 0
  }
]