[
  {
    "id": "dff7777f-806a-4ab7-b535-ef87a88f665a",
    "data": [
      {
        "text": "Environmental Impact Assessment",
        "alias": "EnvironmentalImpactAssessment",
        "meta": "@EnvironmentalImpactAssessment",
        "userDefined": false
      }
    ],
    "isTemplate": false,
    "count": 0
  },
  {
    "id": "d56b5db5-ac9b-433d-a38c-c33a98fb0ab4",
    "data": [
      {
        "text": "Environmental ",
        "userDefined": false
      },
      {
        "text": "Management Systems",
        "alias": "EnvironmentalManagementSystems",
        "meta": "@EnvironmentalManagementSystems",
        "userDefined": false
      }
    ],
    "isTemplate": false,
    "count": 0
  },
  {
    "id": "296e955c-fa97-4fce-ac85-e48a48a0df88",
    "data": [
      {
        "text": "Green Design and Planning for Hot Climates",
        "alias": "Green_Design_and_Planning",
        "meta": "@Green_Design_and_Planning",
        "userDefined": false
      }
    ],
    "isTemplate": false,
    "count": 0
  },
  {
    "id": "39596d94-6add-483a-836c-f3b6f7cee528",
    "data": [
      {
        "text": "Building Energy Performance Simulation and Analysis",
        "alias": "Building_Energy_Performance",
        "meta": "@Building_Energy_Performance",
        "userDefined": false
      }
    ],
    "isTemplate": false,
    "count": 0
  },
  {
    "id": "99361805-970c-404d-ab3e-17b8de65a2c4",
    "data": [
      {
        "text": "Building Integrated Renewable Energy Systems",
        "alias": "Building_Integrated",
        "meta": "@Building_Integrated",
        "userDefined": false
      }
    ],
    "isTemplate": false,
    "count": 0
  },
  {
    "id": "2faad468-bc29-41e3-bbfd-95281e356327",
    "data": [
      {
        "text": "Efficient Refurbishment of Buildings",
        "alias": "EfficientRefurbishment",
        "meta": "@EfficientRefurbishment",
        "userDefined": false
      }
    ],
    "isTemplate": false,
    "count": 0
  },
  {
    "id": "36fb3e64-9cad-4337-8705-1057e0dc63b2",
    "data": [
      {
        "text": "Heating, Ventilation and Air Conditioning",
        "alias": "Heating_Ventilation_AC",
        "meta": "@Heating_Ventilation_AC",
        "userDefined": false
      }
    ],
    "isTemplate": false,
    "count": 0
  },
  {
    "id": "a10a9dcc-00bc-41d2-b345-b65181616d19",
    "data": [
      {
        "text": "Energy Design for Buildings",
        "alias": "EnergyDesignforBuildings",
        "meta": "@EnergyDesignforBuildings",
        "userDefined": false
      }
    ],
    "isTemplate": false,
    "count": 0
  }
]