[
  {
    "id": "927d1ef6-c209-4949-9380-4ef646d960d9",
    "data": [
      {
        "text": "Digital Organisations: eCommerce and eGovernment",
        "alias": "Digital_Organisations",
        "meta": "@Digital_Organisations",
        "userDefined": false
      }
    ],
    "isTemplate": false,
    "count": 1
  },
  {
    "id": "a3f5946e-5995-4a41-b965-0abf794d98af",
    "data": [
      {
        "text": "I want information about ",
        "userDefined": false
      },
      {
        "text": "ICT Management",
        "alias": "ICT_Management",
        "meta": "@ICT_Management",
        "userDefined": false
      }
    ],
    "isTemplate": false,
    "count": 0,
    "updated": 0
  },
  {
    "id": "26fa001b-22ca-4af5-abc0-f33d31eeca73",
    "data": [
      {
        "text": "What about the content of ",
        "userDefined": false
      },
      {
        "text": "ICT Essentials",
        "alias": "ICT_Essentials",
        "meta": "@ICT_Essentials",
        "userDefined": false
      }
    ],
    "isTemplate": false,
    "count": 0,
    "updated": 0
  },
  {
    "id": "3aac311d-0218-4bbe-8570-7d0d35e367d0",
    "data": [
      {
        "text": "What is ",
        "userDefined": false
      },
      {
        "text": "Market Research and Analysis",
        "alias": "Market_Research_and_Analysis",
        "meta": "@Market_Research_and_Analysis",
        "userDefined": false
      },
      {
        "text": " about?",
        "userDefined": false
      }
    ],
    "isTemplate": false,
    "count": 0,
    "updated": 0
  },
  {
    "id": "0c4ed387-7324-4e81-8b72-6a0a162bbebc",
    "data": [
      {
        "text": "Consulting Project",
        "alias": "Consulting_Project",
        "meta": "@Consulting_Project",
        "userDefined": false
      }
    ],
    "isTemplate": false,
    "count": 0
  },
  {
    "id": "560e04ae-6c3e-48bd-8539-0ac65e0a849d",
    "data": [
      {
        "text": "Market Research and Analysis",
        "alias": "Market_Research_and_Analysis",
        "meta": "@Market_Research_and_Analysis",
        "userDefined": false
      }
    ],
    "isTemplate": false,
    "count": 0
  },
  {
    "id": "67e963dc-e3dc-45e4-990d-de096682e9ce",
    "data": [
      {
        "text": "Human Computer Interaction, Design and User Experience",
        "alias": "HumanComputerInteraction",
        "meta": "@HumanComputerInteraction",
        "userDefined": false
      }
    ],
    "isTemplate": false,
    "count": 0
  },
  {
    "id": "0b7d52bc-7189-43d5-8d18-91349618f170",
    "data": [
      {
        "text": "Data Mining",
        "alias": "Data_Mining",
        "meta": "@Data_Mining",
        "userDefined": false
      }
    ],
    "isTemplate": false,
    "count": 0
  },
  {
    "id": "4d335b3f-fe10-48f3-b505-b36f93338776",
    "data": [
      {
        "text": "Digital Business Strategy",
        "alias": "Digital_Business_Strategy",
        "meta": "@Digital_Business_Strategy",
        "userDefined": true
      }
    ],
    "isTemplate": false,
    "count": 0
  },
  {
    "id": "35383bc5-8739-4ce7-a48e-2c0fb6d6dbd8",
    "data": [
      {
        "text": "Big Data and Cloud Computing",
        "alias": "Big_Data_and_cloud_Computing",
        "meta": "@Big_Data_and_cloud_Computing",
        "userDefined": false
      }
    ],
    "isTemplate": false,
    "count": 0
  },
  {
    "id": "d49cfb07-7768-4438-aaa9-aade402efcbc",
    "data": [
      {
        "text": "Social Media and Online Community Management",
        "alias": "Social_Media",
        "meta": "@Social_Media",
        "userDefined": false
      }
    ],
    "isTemplate": false,
    "count": 0
  },
  {
    "id": "d6f0ed29-6078-4536-a675-0211a7e1031f",
    "data": [
      {
        "text": "Digital Entrepreneurship: Developing and Financing an e-Business",
        "alias": "Digital_Entrepreneurship",
        "meta": "@Digital_Entrepreneurship",
        "userDefined": false
      }
    ],
    "isTemplate": false,
    "count": 0
  },
  {
    "id": "41241852-08bd-4ad9-a9a6-3c1333c79ca9",
    "data": [
      {
        "text": "ICT Essentials",
        "alias": "ICT_Essentials",
        "meta": "@ICT_Essentials",
        "userDefined": false
      }
    ],
    "isTemplate": false,
    "count": 0
  },
  {
    "id": "ec073918-d4ec-4f82-9752-34a910f63f76",
    "data": [
      {
        "text": "Data Science for Business: Theory and Practice",
        "alias": "Data_Science_for_Business",
        "meta": "@Data_Science_for_Business",
        "userDefined": false
      }
    ],
    "isTemplate": false,
    "count": 0
  },
  {
    "id": "eeeb8ad1-0ff9-4224-8390-e836f875ff9b",
    "data": [
      {
        "text": "Web Analytics",
        "alias": "Web_Analytics",
        "meta": "@Web_Analytics",
        "userDefined": false
      }
    ],
    "isTemplate": false,
    "count": 0
  },
  {
    "id": "e22475eb-eb20-471d-8b0b-7cbe5889a5e2",
    "data": [
      {
        "text": "Digital Marketing",
        "alias": "Digital_Marketing",
        "meta": "@Digital_Marketing",
        "userDefined": false
      }
    ],
    "isTemplate": false,
    "count": 0
  },
  {
    "id": "338b7aa7-daa6-467a-be9f-c7bbc76f3bad",
    "data": [
      {
        "text": "ICT Management",
        "alias": "ICT_Management",
        "meta": "@ICT_Management",
        "userDefined": false
      }
    ],
    "isTemplate": false,
    "count": 0
  }
]