[
  {
    "id": "63235cec-22fc-47fa-aafa-e15bd8f759a7",
    "data": [
      {
        "text": "ICT",
        "alias": "ICT_Management",
        "meta": "@ICT_Management",
        "userDefined": false
      }
    ],
    "isTemplate": false,
    "count": 2,
    "updated": 0
  },
  {
    "id": "09e5c945-adeb-4f4d-8390-7b1ecf7adb14",
    "data": [
      {
        "text": "i want information about the MSc in ",
        "userDefined": false
      },
      {
        "text": "ICT",
        "alias": "ICT_Management",
        "meta": "@ICT_Management",
        "userDefined": false
      }
    ],
    "isTemplate": false,
    "count": 0,
    "updated": 0
  },
  {
    "id": "b9ddaeb2-cb20-4863-8fde-8f04f1cc2c43",
    "data": [
      {
        "text": "what about the MSc in ",
        "userDefined": false
      },
      {
        "text": "ICT",
        "alias": "ICT_Management",
        "meta": "@ICT_Management",
        "userDefined": false
      },
      {
        "text": "?",
        "userDefined": false
      }
    ],
    "isTemplate": false,
    "count": 0,
    "updated": 0
  },
  {
    "id": "bc7abf41-0ea6-4ecf-bcf5-ce103ba7f07e",
    "data": [
      {
        "text": "ICT",
        "alias": "ICT_Management",
        "meta": "@ICT_Management",
        "userDefined": false
      },
      {
        "text": " master",
        "userDefined": false
      }
    ],
    "isTemplate": false,
    "count": 0,
    "updated": 0
  },
  {
    "id": "1cd31e2b-2d44-4a3a-ad43-721cfede79f3",
    "data": [
      {
        "text": "Consulting Project",
        "alias": "Consulting_Project",
        "meta": "@Consulting_Project",
        "userDefined": false
      }
    ],
    "isTemplate": false,
    "count": 0
  },
  {
    "id": "26758f3f-8c89-4cba-a100-21f80fa50592",
    "data": [
      {
        "text": "Internet of Things",
        "alias": "Internet_of_Things",
        "meta": "@Internet_of_Things",
        "userDefined": false
      }
    ],
    "isTemplate": false,
    "count": 0
  },
  {
    "id": "819e60e8-13f9-448c-888f-584414101310",
    "data": [
      {
        "text": "Mobile Applications Development",
        "alias": "MobileApplicationsDevelopment",
        "meta": "@MobileApplicationsDevelopment",
        "userDefined": false
      }
    ],
    "isTemplate": false,
    "count": 0
  },
  {
    "id": "d54bcf91-a68b-41a2-9c83-92a813edd0ad",
    "data": [
      {
        "text": "Digital Organisations: eCommerce and eGovernment",
        "alias": "Digital_Organisations",
        "meta": "@Digital_Organisations",
        "userDefined": false
      }
    ],
    "isTemplate": false,
    "count": 0
  },
  {
    "id": "d9560293-6591-416a-9094-befaed1db645",
    "data": [
      {
        "text": "Data Mining",
        "alias": "Data_Mining",
        "meta": "@Data_Mining",
        "userDefined": false
      }
    ],
    "isTemplate": false,
    "count": 0
  },
  {
    "id": "65ed05fa-0bc7-4534-9f34-a690f4acfa65",
    "data": [
      {
        "text": "Knowledge Management in the Web",
        "alias": "Knowledge_Management",
        "meta": "@Knowledge_Management",
        "userDefined": false
      }
    ],
    "isTemplate": false,
    "count": 0
  },
  {
    "id": "df0aa8e1-25ea-4f2d-a60d-dda7eec9640b",
    "data": [
      {
        "text": "Information Retrieval",
        "alias": "Information_Retrieval",
        "meta": "@Information_Retrieval",
        "userDefined": false
      }
    ],
    "isTemplate": false,
    "count": 0
  },
  {
    "id": "f6a92880-d0f3-4999-bff5-145c8c414229",
    "data": [
      {
        "text": "Big Data and Cloud Computing",
        "alias": "Big_Data_and_cloud_Computing",
        "meta": "@Big_Data_and_cloud_Computing",
        "userDefined": false
      }
    ],
    "isTemplate": false,
    "count": 0
  },
  {
    "id": "ec3826bc-fab1-492b-bbf1-c367f7b81e11",
    "data": [
      {
        "text": "Software Development Methodologies",
        "alias": "Software_Development",
        "meta": "@Software_Development",
        "userDefined": false
      }
    ],
    "isTemplate": false,
    "count": 0
  },
  {
    "id": "ff25ad7e-6833-4d78-afab-2cda9e8099fc",
    "data": [
      {
        "text": "Wireless Communications and Networks",
        "alias": "Wireless_Communications",
        "meta": "@Wireless_Communications",
        "userDefined": false
      }
    ],
    "isTemplate": false,
    "count": 0
  },
  {
    "id": "b8f1441e-cf6e-4527-aefb-9595371eae25",
    "data": [
      {
        "text": "Information Systems Security",
        "alias": "Information_Systems_Security",
        "meta": "@Information_Systems_Security",
        "userDefined": true
      }
    ],
    "isTemplate": false,
    "count": 0
  },
  {
    "id": "11292f18-fb68-4b68-b161-57b701064992",
    "data": [
      {
        "text": "Advanced Database Systems",
        "alias": "Advanced_Database_Systems",
        "meta": "@Advanced_Database_Systems",
        "userDefined": false
      }
    ],
    "isTemplate": false,
    "count": 0
  },
  {
    "id": "a539591a-9d76-471b-927c-4deead85a70d",
    "data": [
      {
        "text": "Computer Networks",
        "alias": "Computer_Networks",
        "meta": "@Computer_Networks",
        "userDefined": false
      }
    ],
    "isTemplate": false,
    "count": 0
  },
  {
    "id": "ec41ee41-ba10-4452-88f8-e7945e1e162f",
    "data": [
      {
        "text": "Web Programming",
        "alias": "Web_Programming",
        "meta": "@Web_Programming",
        "userDefined": false
      }
    ],
    "isTemplate": false,
    "count": 0
  },
  {
    "id": "bb651f23-8d9d-424c-8811-919ec1912a63",
    "data": [
      {
        "text": "ICT Management",
        "alias": "ICT_Management",
        "meta": "@ICT_Management",
        "userDefined": false
      }
    ],
    "isTemplate": false,
    "count": 0
  }
]