[
  {
    "id": "27c18b8e-329f-48d4-8eba-f842370d042f",
    "data": [
      {
        "text": "I am interested in ",
        "userDefined": false
      },
      {
        "text": "Mobile",
        "alias": "MobileApplicationsDevelopment",
        "meta": "@MobileApplicationsDevelopment",
        "userDefined": false
      },
      {
        "text": " and Web Compouting Msc",
        "userDefined": false
      }
    ],
    "isTemplate": false,
    "count": 0,
    "updated": 0
  },
  {
    "id": "a279f2e8-fe47-4962-a364-50ec00874461",
    "data": [
      {
        "text": "Digital Organisations: eCommerce and eGovernment",
        "alias": "Digital_Organisations",
        "meta": "@Digital_Organisations",
        "userDefined": false
      }
    ],
    "isTemplate": false,
    "count": 1
  },
  {
    "id": "13b8d59c-c815-4d9e-9092-c7123ba55811",
    "data": [
      {
        "text": "I want information about ",
        "userDefined": false
      },
      {
        "text": "Foundations of Computing",
        "alias": "Foundations_of-Computing",
        "meta": "@Foundations_of-Computing",
        "userDefined": false
      }
    ],
    "isTemplate": false,
    "count": 0,
    "updated": 0
  },
  {
    "id": "8780997d-5517-41d3-a2c7-98f911f0fe26",
    "data": [
      {
        "text": "What about the content of ",
        "userDefined": false
      },
      {
        "text": "Web Programming",
        "alias": "Web_Programming",
        "meta": "@Web_Programming",
        "userDefined": false
      }
    ],
    "isTemplate": false,
    "count": 0,
    "updated": 0
  },
  {
    "id": "d8006026-8d74-4ce1-955a-0e9a63587656",
    "data": [
      {
        "text": "What ",
        "userDefined": false
      },
      {
        "text": "about",
        "meta": "@sys.ignore",
        "userDefined": false
      },
      {
        "text": " ",
        "userDefined": false
      },
      {
        "text": "Digital Organisations: Software Development Methodologies",
        "alias": "Software_Development",
        "meta": "@Software_Development",
        "userDefined": false
      },
      {
        "text": "?",
        "userDefined": false
      }
    ],
    "isTemplate": false,
    "count": 0,
    "updated": 0
  },
  {
    "id": "1a5dec61-955c-4674-96e7-3db695141f60",
    "data": [
      {
        "text": "What is ",
        "userDefined": false
      },
      {
        "text": "Knowledge Management in the Web",
        "alias": "Knowledge_Management",
        "meta": "@Knowledge_Management",
        "userDefined": false
      },
      {
        "text": " about?",
        "userDefined": false
      }
    ],
    "isTemplate": false,
    "count": 0,
    "updated": 0
  },
  {
    "id": "487550a9-19b5-41b7-ba97-3f469870776a",
    "data": [
      {
        "text": "Consulting Project",
        "alias": "Consulting_Project",
        "meta": "@Consulting_Project",
        "userDefined": false
      }
    ],
    "isTemplate": false,
    "count": 0
  },
  {
    "id": "28b75387-fbe8-4c28-b8bb-4746555093a1",
    "data": [
      {
        "text": "Big Data and Cloud Computing",
        "alias": "Big_Data_and_cloud_Computing",
        "meta": "@Big_Data_and_cloud_Computing",
        "userDefined": false
      }
    ],
    "isTemplate": false,
    "count": 0
  },
  {
    "id": "49881a9e-9fea-40a4-b082-a086652db5e5",
    "data": [
      {
        "text": "Data Mining",
        "alias": "Data_Mining",
        "meta": "@Data_Mining",
        "userDefined": false
      }
    ],
    "isTemplate": false,
    "count": 0
  },
  {
    "id": "907b4092-eb85-43db-ab6e-c9dae8eb4d62",
    "data": [
      {
        "text": "Knowledge Management in the Web",
        "alias": "Knowledge_Management",
        "meta": "@Knowledge_Management",
        "userDefined": false
      }
    ],
    "isTemplate": false,
    "count": 0
  },
  {
    "id": "c6911407-d0f9-42f2-9e90-b03bb1cbce80",
    "data": [
      {
        "text": "Information Retrieval",
        "alias": "Information_Retrieval",
        "meta": "@Information_Retrieval",
        "userDefined": false
      }
    ],
    "isTemplate": false,
    "count": 0
  },
  {
    "id": "efb1e601-c925-44fc-af18-9569c135a301",
    "data": [
      {
        "text": "Software Development Methodologies",
        "alias": "Software_Development",
        "meta": "@Software_Development",
        "userDefined": false
      }
    ],
    "isTemplate": false,
    "count": 0
  },
  {
    "id": "80dd4007-63fd-4489-bd12-fd168fac57bb",
    "data": [
      {
        "text": "Mobile Applications Development",
        "alias": "MobileApplicationsDevelopment",
        "meta": "@MobileApplicationsDevelopment",
        "userDefined": false
      }
    ],
    "isTemplate": false,
    "count": 0
  },
  {
    "id": "831ffdbc-f3f0-4ca1-98c0-acf5e6e27fdc",
    "data": [
      {
        "text": "Human Computer Interaction, Design and User Experience",
        "alias": "HumanComputerInteraction",
        "meta": "@HumanComputerInteraction",
        "userDefined": false
      }
    ],
    "isTemplate": false,
    "count": 0
  },
  {
    "id": "38595d01-895d-4837-93b2-8dfc5ace0bb3",
    "data": [
      {
        "text": "Foundations of Computing",
        "alias": "Foundations_of-Computing",
        "meta": "@Foundations_of-Computing",
        "userDefined": false
      }
    ],
    "isTemplate": false,
    "count": 0
  },
  {
    "id": "de758722-8663-499c-8f1a-36d7fa266643",
    "data": [
      {
        "text": "Advanced Database Systems",
        "alias": "Advanced_Database_Systems",
        "meta": "@Advanced_Database_Systems",
        "userDefined": false
      }
    ],
    "isTemplate": false,
    "count": 0
  },
  {
    "id": "2ed704e1-ed34-4fc0-9365-ec3ed3d2b11a",
    "data": [
      {
        "text": "Information Systems Security",
        "alias": "Information_Systems_Security",
        "meta": "@Information_Systems_Security",
        "userDefined": false
      }
    ],
    "isTemplate": false,
    "count": 0
  },
  {
    "id": "6553b641-b518-4517-8c02-dcc254c6a8cd",
    "data": [
      {
        "text": "Web Programming",
        "alias": "Web_Programming",
        "meta": "@Web_Programming",
        "userDefined": false
      }
    ],
    "isTemplate": false,
    "count": 0
  },
  {
    "id": "6cd4a916-8aa1-47d9-9f77-a133ccf113a6",
    "data": [
      {
        "text": "Computer Networks",
        "alias": "Computer_Networks",
        "meta": "@Computer_Networks",
        "userDefined": false
      }
    ],
    "isTemplate": false,
    "count": 0
  }
]