[
  {
    "id": "f0a8f0ed-2364-4260-8c75-e408b707fde9",
    "data": [
      {
        "text": "What is the spoken ",
        "userDefined": false
      },
      {
        "text": "language",
        "alias": "language",
        "meta": "@language",
        "userDefined": false
      },
      {
        "text": "?",
        "userDefined": false
      }
    ],
    "isTemplate": false,
    "count": 0,
    "updated": 0
  },
  {
    "id": "a0e6a70c-6c3c-41ce-9c99-4be95a97a7f9",
    "data": [
      {
        "text": "all courses are in ",
        "userDefined": false
      },
      {
        "text": "english",
        "alias": "language",
        "meta": "@language",
        "userDefined": false
      },
      {
        "text": "?",
        "userDefined": false
      }
    ],
    "isTemplate": false,
    "count": 0,
    "updated": 0
  },
  {
    "id": "c2727994-8322-4ae1-8c83-6b7329cd46ba",
    "data": [
      {
        "text": "which ",
        "userDefined": false
      },
      {
        "text": "language",
        "alias": "language",
        "meta": "@language",
        "userDefined": false
      },
      {
        "text": " will we use?",
        "userDefined": false
      }
    ],
    "isTemplate": false,
    "count": 0,
    "updated": 0
  },
  {
    "id": "12f36515-bca7-4ae6-9d56-508cb4d79f22",
    "data": [
      {
        "text": "only ",
        "userDefined": false
      },
      {
        "text": "english",
        "alias": "language",
        "meta": "@language",
        "userDefined": false
      },
      {
        "text": "?",
        "userDefined": false
      }
    ],
    "isTemplate": false,
    "count": 0,
    "updated": 0
  },
  {
    "id": "fcfba7c1-c1c4-42f3-93b8-defe270061b1",
    "data": [
      {
        "text": "in which ",
        "userDefined": false
      },
      {
        "text": "language",
        "alias": "language",
        "meta": "@language",
        "userDefined": false
      },
      {
        "text": " the courses are provided",
        "userDefined": false
      }
    ],
    "isTemplate": false,
    "count": 0,
    "updated": 0
  },
  {
    "id": "7acf7443-dd19-4a9c-b78e-7cca18d65597",
    "data": [
      {
        "text": "language",
        "alias": "language",
        "meta": "@language",
        "userDefined": false
      }
    ],
    "isTemplate": false,
    "count": 0
  }
]