[
  {
    "id": "b558a98a-164a-4cb1-a38a-99821c17dda6",
    "data": [
      {
        "text": "Intrusion Detection and Event Management",
        "alias": "Intrusion_Detection",
        "meta": "@Intrusion_Detection",
        "userDefined": true
      }
    ],
    "isTemplate": false,
    "count": 1,
    "updated": 0
  },
  {
    "id": "fb9b6ece-084a-46fb-87ac-b69bfdae6eb7",
    "data": [
      {
        "text": "Penetration Testing and Malware Analysis",
        "alias": "PenetrationTestMalwareAnalysis",
        "meta": "@PenetrationTestMalwareAnalysis",
        "userDefined": true
      },
      {
        "text": " ?",
        "userDefined": false
      }
    ],
    "isTemplate": false,
    "count": 2,
    "updated": 0
  },
  {
    "id": "1dd18e57-5c57-4046-b6c8-ce0bc2876de4",
    "data": [
      {
        "text": "What about the content of ",
        "userDefined": false
      },
      {
        "text": "Computer Forensics",
        "alias": "Computer_Forensics",
        "meta": "@Computer_Forensics",
        "userDefined": true
      },
      {
        "text": "?",
        "userDefined": false
      }
    ],
    "isTemplate": false,
    "count": 1,
    "updated": 0
  },
  {
    "id": "8e89546f-ddf3-4e79-9a71-37f8c94e1179",
    "data": [
      {
        "text": "Data Protection and Cryptography",
        "alias": "DataProtectionandCryptography",
        "meta": "@DataProtectionandCryptography",
        "userDefined": true
      }
    ],
    "isTemplate": false,
    "count": 1,
    "updated": 0
  },
  {
    "id": "529ccd06-65e6-4826-96bd-40d0ad73dfc8",
    "data": [
      {
        "text": "Legal and Ethical Foundations of Privacy and Security",
        "alias": "LegalandEthicalFoundations",
        "meta": "@LegalandEthicalFoundations",
        "userDefined": true
      }
    ],
    "isTemplate": false,
    "count": 1,
    "updated": 0
  },
  {
    "id": "3d0619b8-e349-4e71-b9e9-8750ef231da9",
    "data": [
      {
        "text": "Cybercrime and Incident Response",
        "alias": "CybercrimeandIncidentResponse",
        "meta": "@CybercrimeandIncidentResponse",
        "userDefined": true
      }
    ],
    "isTemplate": false,
    "count": 1,
    "updated": 0
  },
  {
    "id": "3ed5b490-961a-4b13-b706-a34235d680a8",
    "data": [
      {
        "text": "I want information about ",
        "userDefined": false
      },
      {
        "text": "Cybercrime and Incident Response",
        "alias": "CybercrimeandIncidentResponse",
        "meta": "@CybercrimeandIncidentResponse",
        "userDefined": false
      }
    ],
    "isTemplate": false,
    "count": 0,
    "updated": 0
  },
  {
    "id": "941dba99-16b7-4d04-9db8-e0735f67b0a2",
    "data": [
      {
        "text": "penetration testing",
        "alias": "PenetrationTestMalwareAnalysis",
        "meta": "@PenetrationTestMalwareAnalysis",
        "userDefined": false
      }
    ],
    "isTemplate": false,
    "count": 1,
    "updated": 0
  },
  {
    "id": "ebec039c-a7a4-4729-9f76-4ada9c9a9fc8",
    "data": [
      {
        "text": "Legal and ethical foundations",
        "alias": "LegalandEthicalFoundations",
        "meta": "@LegalandEthicalFoundations",
        "userDefined": true
      }
    ],
    "isTemplate": false,
    "count": 0,
    "updated": 0
  },
  {
    "id": "d23bcb66-c3dd-4b72-a01e-fd0cd3c41060",
    "data": [
      {
        "text": "Penetration Testing and Malware Analysis",
        "alias": "PenetrationTestMalwareAnalysis",
        "meta": "@PenetrationTestMalwareAnalysis",
        "userDefined": true
      }
    ],
    "isTemplate": false,
    "count": 0,
    "updated": 0
  }
]