[
  {
    "id": "3192803d-25d8-4344-9a74-adfea71cff9d",
    "data": [
      {
        "text": "What about the ",
        "userDefined": false
      },
      {
        "text": "Smart Cities",
        "alias": "Smart_Cities",
        "meta": "@Smart_Cities",
        "userDefined": false
      },
      {
        "text": " and Communities ",
        "userDefined": false
      },
      {
        "text": "master",
        "alias": "Masters",
        "meta": "@Masters",
        "userDefined": false
      },
      {
        "text": "?",
        "userDefined": false
      }
    ],
    "isTemplate": false,
    "count": 0
  },
  {
    "id": "475d5d8a-4b6b-4544-8d13-44f24fccd15e",
    "data": [
      {
        "text": "Info about the ",
        "userDefined": false
      },
      {
        "text": "Smart Cities and Communities",
        "alias": "Smart_Cities",
        "meta": "@Smart_Cities",
        "userDefined": true
      },
      {
        "text": " programme",
        "userDefined": false
      }
    ],
    "isTemplate": false,
    "count": 0
  }
]