[
  {
    "id": "e3bfd907-e670-491a-88dd-dcc822fda19b",
    "data": [
      {
        "text": "Rhino",
        "alias": "the_3D_Computer_Rhino",
        "meta": "@the_3D_Computer_Rhino",
        "userDefined": true
      }
    ],
    "isTemplate": false,
    "count": 0,
    "updated": 0
  },
  {
    "id": "bc68d926-49e5-4ed6-a250-c40eac776d17",
    "data": [
      {
        "text": "I want to know about ",
        "userDefined": false
      },
      {
        "text": "Design Thinking",
        "alias": "Design_Thinking",
        "meta": "@Design_Thinking",
        "userDefined": true
      }
    ],
    "isTemplate": false,
    "count": 1,
    "updated": 0
  },
  {
    "id": "fc76735e-13c2-4898-8b65-74778617ce5b",
    "data": [
      {
        "text": "3D Computer Aided Design",
        "alias": "the_3D_Computer_Aided_Design",
        "meta": "@the_3D_Computer_Aided_Design",
        "userDefined": true
      }
    ],
    "isTemplate": false,
    "count": 1,
    "updated": 0
  },
  {
    "id": "759519e9-bd7b-417f-ba62-4f727799052b",
    "data": [
      {
        "text": "Design Thinking",
        "alias": "Design_Thinking",
        "meta": "@Design_Thinking",
        "userDefined": true
      }
    ],
    "isTemplate": false,
    "count": 1,
    "updated": 0
  },
  {
    "id": "ead950e9-e316-47f4-be06-bbde8f928982",
    "data": [
      {
        "text": "3D Computer Aided Design(Rhino)",
        "alias": "the_3D_Computer_Rhino",
        "meta": "@the_3D_Computer_Rhino",
        "userDefined": true
      }
    ],
    "isTemplate": false,
    "count": 1,
    "updated": 0
  },
  {
    "id": "c01cc486-eedc-4c8f-91ed-eefa357f04cb",
    "data": [
      {
        "text": "Industrial Design Project",
        "alias": "Industrial_Design_Project",
        "meta": "@Industrial_Design_Project",
        "userDefined": true
      }
    ],
    "isTemplate": false,
    "count": 1,
    "updated": 0
  },
  {
    "id": "c494e85e-c50d-4822-8b7d-20c7e13cd171",
    "data": [
      {
        "text": "Consumer Behaviour",
        "alias": "Consumer_Behaviour",
        "meta": "@Consumer_Behaviour",
        "userDefined": true
      }
    ],
    "isTemplate": false,
    "count": 1,
    "updated": 0
  },
  {
    "id": "13c7a26d-e9fc-496c-a592-9c5b7e6ee9ea",
    "data": [
      {
        "text": "Service Design",
        "alias": "Service_Design",
        "meta": "@Service_Design",
        "userDefined": true
      }
    ],
    "isTemplate": false,
    "count": 1,
    "updated": 0
  },
  {
    "id": "75bdb96f-c5e7-4d77-a7a9-b20cef448233",
    "data": [
      {
        "text": "Purchasing and Negotiations",
        "alias": "Ergonomics_Human_Factors",
        "meta": "@Ergonomics_Human_Factors",
        "userDefined": true
      }
    ],
    "isTemplate": false,
    "count": 1,
    "updated": 0
  },
  {
    "id": "66cea9b0-c620-42d8-a4a8-b6252fb00cd4",
    "data": [
      {
        "text": "Ergonomics – Human Factors",
        "alias": "Ergonomics_Human_Factors",
        "meta": "@Ergonomics_Human_Factors",
        "userDefined": true
      }
    ],
    "isTemplate": false,
    "count": 3,
    "updated": 0
  },
  {
    "id": "bda14abe-ae66-42b5-a902-abd64f6a9d69",
    "data": [
      {
        "text": "What about the content of ",
        "userDefined": false
      },
      {
        "text": "Design Morphology and Aesthetics",
        "alias": "Design_Morphology_Aesthetics",
        "meta": "@Design_Morphology_Aesthetics",
        "userDefined": true
      },
      {
        "text": "?",
        "userDefined": false
      }
    ],
    "isTemplate": false,
    "count": 1,
    "updated": 0
  },
  {
    "id": "a1fe7c01-1607-4378-b57f-51eaadd7e6c7",
    "data": [
      {
        "text": "Design Morphology and Aesthetics",
        "alias": "Design_Morphology_Aesthetics",
        "meta": "@Design_Morphology_Aesthetics",
        "userDefined": true
      }
    ],
    "isTemplate": false,
    "count": 3,
    "updated": 0
  },
  {
    "id": "849a5d41-71f6-4c6b-b3a4-d95010d4e98b",
    "data": [
      {
        "text": "Advanced Modeling and Fabrication",
        "alias": "Advanced_Modeling_Fabrication",
        "meta": "@Advanced_Modeling_Fabrication",
        "userDefined": true
      }
    ],
    "isTemplate": false,
    "count": 1,
    "updated": 0
  },
  {
    "id": "1582f38d-692b-43a7-a9b0-4230067c73d4",
    "data": [
      {
        "text": "Materials Technology",
        "alias": "Materials_Technology",
        "meta": "@Materials_Technology",
        "userDefined": true
      }
    ],
    "isTemplate": false,
    "count": 1,
    "updated": 0
  },
  {
    "id": "df8f3628-75d7-4c68-a53c-f563c777fbd8",
    "data": [
      {
        "text": "Advanced Manufacturing Systems",
        "alias": "Advanced_ManufacturingSystems",
        "meta": "@Advanced_ManufacturingSystems",
        "userDefined": true
      }
    ],
    "isTemplate": false,
    "count": 1,
    "updated": 0
  },
  {
    "id": "98de9b77-f920-4465-8cd3-f2ce8ad19aa9",
    "data": [
      {
        "text": "Consulting Project in Product Management",
        "alias": "ConsultingProjectManagement",
        "meta": "@ConsultingProjectManagement",
        "userDefined": true
      }
    ],
    "isTemplate": false,
    "count": 1,
    "updated": 0
  },
  {
    "id": "95280d64-3104-4a93-99c6-46deae9e8a3d",
    "data": [
      {
        "text": "Strategic Innovation and Entrepreneurship",
        "alias": "StrategicInnovationEntrepr",
        "meta": "@StrategicInnovationEntrepr",
        "userDefined": true
      }
    ],
    "isTemplate": false,
    "count": 1,
    "updated": 0
  },
  {
    "id": "092129c9-e7d3-4222-bfb5-a583e6d2155c",
    "data": [
      {
        "text": "Design for Supply Chain and Logistics",
        "alias": "DesignSupplyChainLogistics",
        "meta": "@DesignSupplyChainLogistics",
        "userDefined": true
      }
    ],
    "isTemplate": false,
    "count": 1,
    "updated": 0
  },
  {
    "id": "7f5c5281-5870-49e9-be65-8ef080107c86",
    "data": [
      {
        "text": "I want information about ",
        "userDefined": false
      },
      {
        "text": "Advanced Manufacturing Systems",
        "alias": "Advanced_ManufacturingSystems",
        "meta": "@Advanced_ManufacturingSystems",
        "userDefined": true
      }
    ],
    "isTemplate": false,
    "count": 1,
    "updated": 0
  },
  {
    "id": "c02601b7-e13a-4e3e-8034-096cce918a57",
    "data": [
      {
        "text": "Technology Management and Business Engineering",
        "alias": "Technology_Management",
        "meta": "@Technology_Management",
        "userDefined": true
      }
    ],
    "isTemplate": false,
    "count": 1,
    "updated": 0
  },
  {
    "id": "7c28ebb1-c205-421f-bb4b-87271478c050",
    "data": [
      {
        "text": "Cost Management and Financial Analysis",
        "meta": "@sys.ignore",
        "userDefined": true
      }
    ],
    "isTemplate": false,
    "count": 1,
    "updated": 0
  },
  {
    "id": "e9b0eb2b-e718-48f4-994b-e9f6c9202935",
    "data": [
      {
        "text": "Consulting Project in Product Creativity Product and Design",
        "meta": "@sys.ignore",
        "userDefined": true
      }
    ],
    "isTemplate": false,
    "count": 1,
    "updated": 0
  },
  {
    "id": "c2cb5514-3bf4-4b63-8d27-87ad8cc63382",
    "data": [
      {
        "text": "Advanced Materials and Processes",
        "meta": "@sys.ignore",
        "userDefined": true
      }
    ],
    "isTemplate": false,
    "count": 1,
    "updated": 0
  },
  {
    "id": "aa411a4d-21ae-42e9-9d81-a182281a2bbd",
    "data": [
      {
        "text": "Design for the Environment",
        "meta": "@sys.ignore",
        "userDefined": true
      }
    ],
    "isTemplate": false,
    "count": 1,
    "updated": 0
  },
  {
    "id": "c44bc70c-f96d-4c26-961a-0af11fb31171",
    "data": [
      {
        "text": "Communication Design",
        "alias": "Communication_Design",
        "meta": "@Communication_Design",
        "userDefined": true
      }
    ],
    "isTemplate": false,
    "count": 1,
    "updated": 0
  },
  {
    "id": "693a9abc-deb9-4474-a809-0b789a51d34a",
    "data": [
      {
        "text": "Product Photography",
        "alias": "Product_Photography",
        "meta": "@Product_Photography",
        "userDefined": true
      }
    ],
    "isTemplate": false,
    "count": 1,
    "updated": 0
  },
  {
    "id": "5e31809d-45c0-4464-a142-fdea2c74fe65",
    "data": [
      {
        "text": "Consulting Project in Industrial Design and Innovation",
        "alias": "Industrial_Design_Project",
        "meta": "@Industrial_Design_Project",
        "userDefined": true
      }
    ],
    "isTemplate": false,
    "count": 1,
    "updated": 0
  },
  {
    "id": "8643999e-234c-42fb-8e31-6b4390878fd0",
    "data": [
      {
        "text": "Computational Mechanics",
        "alias": "Computational_Mechanics",
        "meta": "@Computational_Mechanics",
        "userDefined": true
      }
    ],
    "isTemplate": false,
    "count": 1,
    "updated": 0
  },
  {
    "id": "27709369-93a6-4ce4-801d-accd52fc9fdd",
    "data": [
      {
        "text": "What is ",
        "userDefined": false
      },
      {
        "text": "Design and Production",
        "alias": "Design_and_Production",
        "meta": "@Design_and_Production",
        "userDefined": true
      },
      {
        "text": " about?",
        "userDefined": false
      }
    ],
    "isTemplate": false,
    "count": 1,
    "updated": 0
  },
  {
    "id": "ba145944-fe36-46ec-85e9-ec17286be605",
    "data": [
      {
        "text": "Reverse Engineering and 3D Printing",
        "alias": "ReverseEngineering3DPrinting",
        "meta": "@ReverseEngineering3DPrinting",
        "userDefined": true
      }
    ],
    "isTemplate": false,
    "count": 1,
    "updated": 0
  },
  {
    "id": "942d24d4-3d65-40d1-9d7b-e497b090a6d4",
    "data": [
      {
        "text": "Creative Digital Media",
        "userDefined": false
      }
    ],
    "isTemplate": false,
    "count": 0,
    "updated": 0
  },
  {
    "id": "d15a395d-8972-4018-8777-eefe7866cfaa",
    "data": [
      {
        "text": "Operations Management",
        "userDefined": false
      }
    ],
    "isTemplate": false,
    "count": 0,
    "updated": 0
  },
  {
    "id": "8eb4231f-c5bc-4d88-85fe-dc7b4a666029",
    "data": [
      {
        "text": "Advanced Surface Modelling",
        "userDefined": false
      }
    ],
    "isTemplate": false,
    "count": 0,
    "updated": 0
  },
  {
    "id": "13fae853-0f89-444c-a57c-381b64d522bb",
    "data": [
      {
        "text": "Biomimicry in Design",
        "userDefined": false
      }
    ],
    "isTemplate": false,
    "count": 0,
    "updated": 0
  },
  {
    "id": "3171f042-527a-446b-985b-98cdad8ffbd2",
    "data": [
      {
        "text": "Automation and Robotics",
        "userDefined": false
      }
    ],
    "isTemplate": false,
    "count": 0,
    "updated": 0
  },
  {
    "id": "a4c39911-505e-4fd6-81ea-4cd8b19cdece",
    "data": [
      {
        "text": "Open Topics in Strategic Product Design (TBA)",
        "meta": "@sys.ignore",
        "userDefined": true
      }
    ],
    "isTemplate": false,
    "count": 0,
    "updated": 0
  },
  {
    "id": "435965b3-8e7b-4bbd-b18b-8ab6ce7aa9e3",
    "data": [
      {
        "text": "Introduction to Strategic Product Design",
        "userDefined": false
      }
    ],
    "isTemplate": false,
    "count": 0,
    "updated": 0
  },
  {
    "id": "cafab290-3484-4012-a71a-02756c05ec2a",
    "data": [
      {
        "text": "New Product Development",
        "userDefined": false
      }
    ],
    "isTemplate": false,
    "count": 0,
    "updated": 0
  },
  {
    "id": "50190665-ab32-4908-93a2-a5eff024a0f1",
    "data": [
      {
        "text": "Marketing Analysis and Brand Research Strategy",
        "userDefined": false
      }
    ],
    "isTemplate": false,
    "count": 0,
    "updated": 0
  },
  {
    "id": "2f861a2d-b35a-4799-b982-4a7fffa01127",
    "data": [
      {
        "text": "Design and Production",
        "userDefined": false
      }
    ],
    "isTemplate": false,
    "count": 0,
    "updated": 0
  },
  {
    "id": "5384ef13-eb0c-41e1-b384-ad6929ae0a78",
    "data": [
      {
        "text": "Strategies for Extroversion",
        "userDefined": false
      }
    ],
    "isTemplate": false,
    "count": 0,
    "updated": 0
  }
]